Keyword,Title,Company,Location,Job Description,Salary,Link
인공지능,인공지능팀 AI 연구원 모집,그래디언트 바이오컨버전스,서울전체경력석사↑정규직,"AI(인공지능),AI(인공지능),Python,연구원,C++외수정일 24/11/06",N/A,https://www.saramin.co.kr/zf_user/jobs/relay/view?view_type=search&rec_idx=49326920&location=ts&searchword=%EC%9D%B8%EA%B3%B5%EC%A7%80%EB%8A%A5&searchType=search&paid_fl=n&search_uuid=7f231825-7dc8-4a06-828c-8aca5438b432
인공지능,Generative AI 및인공지능유지 관리 연구,(주)씨메스,서울전체신입·경력대졸↑정규직,"AI(인공지능),딥러닝,Python,머신러닝,빅데이터외등록일 24/11/28",N/A,https://www.saramin.co.kr/zf_user/jobs/relay/view?view_type=search&rec_idx=49487283&location=ts&searchword=%EC%9D%B8%EA%B3%B5%EC%A7%80%EB%8A%A5&searchType=search&paid_fl=n&search_uuid=7f231825-7dc8-4a06-828c-8aca5438b432
인공지능,[AI SaaS 기업]인공지능R&D 연구원 모집,(주)퀀텀에이아이,서울강남구경력1년↑대졸↑정규직,"AI(인공지능),딥러닝,알고리즘,Python,연구원외등록일 24/11/12",N/A,https://www.saramin.co.kr/zf_user/jobs/relay/view?view_type=search&rec_idx=49381200&location=ts&searchword=%EC%9D%B8%EA%B3%B5%EC%A7%80%EB%8A%A5&searchType=search&paid_fl=n&search_uuid=7f231825-7dc8-4a06-828c-8aca5438b432
인공지능,AI LLM 연구원 -인공지능개발,(주)와이오엘,서울서초구경력무관대졸↑계약직,"AI(인공지능),딥러닝,Python,머신러닝,데이터엔지니어외등록일 24/11/12",N/A,https://www.saramin.co.kr/zf_user/jobs/relay/view?view_type=search&rec_idx=49385216&location=ts&searchword=%EC%9D%B8%EA%B3%B5%EC%A7%80%EB%8A%A5&searchType=search&paid_fl=n&search_uuid=7f231825-7dc8-4a06-828c-8aca5438b432
인공지능,[병역특례]인공지능연구원 (전문연구요원),(주)제이엘케이,서울강남구경력무관대졸↑전문연구요원·산업기능요원,"AI(인공지능),알고리즘,Python,C++,머신러닝외등록일 24/11/15",N/A,https://www.saramin.co.kr/zf_user/jobs/relay/view?view_type=search&rec_idx=49409831&location=ts&searchword=%EC%9D%B8%EA%B3%B5%EC%A7%80%EB%8A%A5&searchType=search&paid_fl=n&search_uuid=7f231825-7dc8-4a06-828c-8aca5438b432
인공지능,의료인공지능연구 / 엔지니어 모집,주식회사인메드데이터,서울송파구경력무관석사↑정규직,"AI(인공지능),Python,연구원,머신러닝,Pytorch외수정일 24/11/26",N/A,https://www.saramin.co.kr/zf_user/jobs/relay/view?view_type=search&rec_idx=49472910&location=ts&searchword=%EC%9D%B8%EA%B3%B5%EC%A7%80%EB%8A%A5&searchType=search&paid_fl=n&search_uuid=7f231825-7dc8-4a06-828c-8aca5438b432
인공지능,(코스닥상장사)인공지능연구 전문연구요원 (병역특례) 모집,(주)씨유박스,서울강남구경력무관석사↑전문연구요원·병역특례,"AI(인공지능),AI(인공지능),딥러닝,알고리즘,Python외수정일 24/10/04",N/A,https://www.saramin.co.kr/zf_user/jobs/relay/view?view_type=search&rec_idx=49133116&location=ts&searchword=%EC%9D%B8%EA%B3%B5%EC%A7%80%EB%8A%A5&searchType=search&paid_fl=n&search_uuid=7f231825-7dc8-4a06-828c-8aca5438b432
인공지능,트래블테크 분야인공지능기술 융합 연구원,(주)휴플,제주제주시경력1년↑대졸↑정규직,"AI(인공지능),딥러닝,알고리즘,머신러닝,빅데이터외등록일 24/11/30",N/A,https://www.saramin.co.kr/zf_user/jobs/relay/view?view_type=search&rec_idx=49501076&location=ts&searchword=%EC%9D%B8%EA%B3%B5%EC%A7%80%EB%8A%A5&searchType=search&paid_fl=n&search_uuid=7f231825-7dc8-4a06-828c-8aca5438b432
인공지능,제조산업을 위한인공지능플랫폼 연구 개발자 모집 [ 경력],(주)인텔리즈,서울성동구경력무관학력무관정규직,"AI(인공지능),딥러닝,C++,머신러닝,빅데이터외수정일 24/11/27",N/A,https://www.saramin.co.kr/zf_user/jobs/relay/view?view_type=search&rec_idx=49381125&location=ts&searchword=%EC%9D%B8%EA%B3%B5%EC%A7%80%EB%8A%A5&searchType=search&paid_fl=n&search_uuid=7f231825-7dc8-4a06-828c-8aca5438b432
인공지능,인공지능기반 제약사 AI연구소 플랫폼 기술연구&웹백앤드 개발,(주)에이치알타운,서울마포구경력3년↑학력무관정규직,"AI(인공지능),알고리즘,Python,백엔드/서버개발,Java외수정일 24/12/01",N/A,https://www.saramin.co.kr/zf_user/jobs/relay/view?view_type=search&rec_idx=49450284&location=ts&searchword=%EC%9D%B8%EA%B3%B5%EC%A7%80%EB%8A%A5&searchType=search&paid_fl=n&search_uuid=7f231825-7dc8-4a06-828c-8aca5438b432
인공지능,인공지능교육기술연구소 연구기획 담당자 채용,(주)위키드스톰,서울강서구경력 6~10년대졸↑정규직,"R&D기획,기술기획,기획,SI·시스템통합,솔루션업체외등록일 24/11/15",N/A,https://www.saramin.co.kr/zf_user/jobs/relay/view?view_type=search&rec_idx=49409236&location=ts&searchword=%EC%9D%B8%EA%B3%B5%EC%A7%80%EB%8A%A5&searchType=search&paid_fl=n&search_uuid=7f231825-7dc8-4a06-828c-8aca5438b432
인공지능,서울대학교병원 AI/데이터사이언스 연구원 및 대학원생 채용,서울대학교병원,서울종로구경력무관대졸↑계약직,"AI(인공지능),AI(인공지능),딥러닝,Python,연구원외등록일 24/10/21",N/A,https://www.saramin.co.kr/zf_user/jobs/relay/view?view_type=search&rec_idx=49233336&location=ts&searchword=%EC%9D%B8%EA%B3%B5%EC%A7%80%EB%8A%A5&searchType=search&paid_fl=n&search_uuid=3ff5e2b0-41ff-4a34-9a77-c24dce24a977
인공지능,AI(딥러닝) 연구 및 개발,(주)뉴로다임,서울전체신입·경력대졸↑정규직,"AI(인공지능),딥러닝,Python,머신러닝,빅데이터외등록일 24/11/01",N/A,https://www.saramin.co.kr/zf_user/jobs/relay/view?view_type=search&rec_idx=49319911&location=ts&searchword=%EC%9D%B8%EA%B3%B5%EC%A7%80%EB%8A%A5&searchType=search&paid_fl=n&search_uuid=3ff5e2b0-41ff-4a34-9a77-c24dce24a977
인공지능,제이씨현시스템(주) AI연구소 AI솔루션 개발자 모집,제이씨현시스템㈜,서울전체경력무관대졸↑정규직,"AI(인공지능),딥러닝,Python,머신러닝,솔루션외수정일 24/11/18",N/A,https://www.saramin.co.kr/zf_user/jobs/relay/view?view_type=search&rec_idx=49308082&location=ts&searchword=%EC%9D%B8%EA%B3%B5%EC%A7%80%EB%8A%A5&searchType=search&paid_fl=n&search_uuid=3ff5e2b0-41ff-4a34-9a77-c24dce24a977
인공지능,[피플앤드테크놀러지] AI연구소 연구원 채용,(주)피플앤드테크놀러지,서울강남구신입·경력학력무관정규직,"AI(인공지능),AI(인공지능),딥러닝,Python,연구원외수정일 24/11/14",N/A,https://www.saramin.co.kr/zf_user/jobs/relay/view?view_type=search&rec_idx=49265197&location=ts&searchword=%EC%9D%B8%EA%B3%B5%EC%A7%80%EB%8A%A5&searchType=search&paid_fl=n&search_uuid=3ff5e2b0-41ff-4a34-9a77-c24dce24a977
인공지능,AI연구소 AI기반연구팀 팀장(경력),(주)아이스크림아트,서울강남구경력7년↑대졸↑정규직,"AI(인공지능),AI(인공지능),연구원,R&D,솔루션외수정일 24/11/28",N/A,https://www.saramin.co.kr/zf_user/jobs/relay/view?view_type=search&rec_idx=49490921&location=ts&searchword=%EC%9D%B8%EA%B3%B5%EC%A7%80%EB%8A%A5&searchType=search&paid_fl=n&search_uuid=3ff5e2b0-41ff-4a34-9a77-c24dce24a977
인공지능,연구소 빅데이터분석/AI솔루션개발자/Java 개발자 모집,㈜이씨마이너,"서울강남구경력무관대졸↑정규직3,500 만원","네트워크,CSS,Java,Javascript,RestAPI외수정일 24/11/18",N/A,https://www.saramin.co.kr/zf_user/jobs/relay/view?view_type=search&rec_idx=49420870&location=ts&searchword=%EC%9D%B8%EA%B3%B5%EC%A7%80%EB%8A%A5&searchType=search&paid_fl=n&search_uuid=3ff5e2b0-41ff-4a34-9a77-c24dce24a977
인공지능,서울대학교 AI연구원 서울 AI 허브(2명),서울대학교 AI연구원,서울서초구신입·경력학력무관계약직,"시설관리,회계,감사,재무,4대보험외수정일 24/11/28",N/A,https://www.saramin.co.kr/zf_user/jobs/relay/view?view_type=search&rec_idx=49484472&location=ts&searchword=%EC%9D%B8%EA%B3%B5%EC%A7%80%EB%8A%A5&searchType=search&paid_fl=n&search_uuid=3ff5e2b0-41ff-4a34-9a77-c24dce24a977
인공지능,[LG AI연구원/마곡/자체계약직] 인사지원 사무보조 모집,(주)맨파워그룹코리아,"서울전체경력무관고졸↑계약직3,200 만원","사무보조,급여(Payroll),복리후생,실적관리,인력관리외등록일 24/11/13",N/A,https://www.saramin.co.kr/zf_user/jobs/relay/view?view_type=search&rec_idx=49390374&location=ts&searchword=%EC%9D%B8%EA%B3%B5%EC%A7%80%EB%8A%A5&searchType=search&paid_fl=n&search_uuid=3ff5e2b0-41ff-4a34-9a77-c24dce24a977
인공지능,제이씨현시스템(주) AI연구소장 채용,제이씨현시스템㈜,서울전체경력대졸↑정규직,"AI(인공지능),딥러닝,Python,머신러닝,솔루션외등록일 24/11/18",N/A,https://www.saramin.co.kr/zf_user/jobs/relay/view?view_type=search&rec_idx=49418832&location=ts&searchword=%EC%9D%B8%EA%B3%B5%EC%A7%80%EB%8A%A5&searchType=search&paid_fl=n&search_uuid=a45c336d-96a9-45cc-8609-21b87f76a3f6
인공지능,AI연구원 (Computer Vision AI),(주)딥노이드,서울전체신입·경력석사↑정규직,"AI(인공지능),딥러닝,알고리즘,Python,머신러닝외등록일 24/11/14",N/A,https://www.saramin.co.kr/zf_user/jobs/relay/view?view_type=search&rec_idx=49402678&location=ts&searchword=%EC%9D%B8%EA%B3%B5%EC%A7%80%EB%8A%A5&searchType=search&paid_fl=n&search_uuid=a45c336d-96a9-45cc-8609-21b87f76a3f6
인공지능,[의료AI기업] 영상기반 AI 연구원 / 뇌공학 연구원 모집,뉴로핏(주),서울강남구신입·경력석사↑정규직,"AI(인공지능),AI(인공지능),딥러닝,알고리즘,Python외등록일 24/11/29",N/A,https://www.saramin.co.kr/zf_user/jobs/relay/view?view_type=search&rec_idx=49492971&location=ts&searchword=%EC%9D%B8%EA%B3%B5%EC%A7%80%EB%8A%A5&searchType=search&paid_fl=n&search_uuid=a45c336d-96a9-45cc-8609-21b87f76a3f6
인공지능,[위즈베라/AI] AI 연구소 경력 연구원 및 팀장 채용,(주)위즈베라,서울성동구경력 1~4년대졸↑정규직,"AI(인공지능),Python,머신러닝,클라우드,모델링외등록일 24/11/06",N/A,https://www.saramin.co.kr/zf_user/jobs/relay/view?view_type=search&rec_idx=49348498&location=ts&searchword=%EC%9D%B8%EA%B3%B5%EC%A7%80%EB%8A%A5&searchType=search&paid_fl=n&search_uuid=a45c336d-96a9-45cc-8609-21b87f76a3f6
인공지능,[AI기술연구소] AI개발 엔지니어(신입~경력),코가로보틱스(주),서울성동구경력무관대졸↑정규직,"AI(인공지능),딥러닝,Python,C++,머신러닝외수정일 24/10/14",N/A,https://www.saramin.co.kr/zf_user/jobs/relay/view?view_type=search&rec_idx=49185937&location=ts&searchword=%EC%9D%B8%EA%B3%B5%EC%A7%80%EB%8A%A5&searchType=search&paid_fl=n&search_uuid=a45c336d-96a9-45cc-8609-21b87f76a3f6
인공지능,"AI챗봇 선두기업, 전문연구요원(병역특례) 채용(AI개발/연구)",(주)메이크봇,서울구로구경력무관초대졸↑정규직·계약직,"AI(인공지능),딥러닝,Python,머신러닝,백엔드/서버개발외수정일 24/11/08",N/A,https://www.saramin.co.kr/zf_user/jobs/relay/view?view_type=search&rec_idx=49338559&location=ts&searchword=%EC%9D%B8%EA%B3%B5%EC%A7%80%EB%8A%A5&searchType=search&paid_fl=n&search_uuid=a45c336d-96a9-45cc-8609-21b87f76a3f6
인공지능,(전문연구요원 가능) AI 최적화 Researcher 채용공고,(주)에너자이,서울강남구경력무관대졸↑정규직·전문연구요원,"AI(인공지능),딥러닝,솔루션,C언어,Pytorch외등록일 24/11/20",N/A,https://www.saramin.co.kr/zf_user/jobs/relay/view?view_type=search&rec_idx=49440541&location=ts&searchword=%EC%9D%B8%EA%B3%B5%EC%A7%80%EB%8A%A5&searchType=search&paid_fl=n&search_uuid=a45c336d-96a9-45cc-8609-21b87f76a3f6
인공지능,[AI Solution개발팀] AI연구소 영상보안 응용SW개발 인력모집,(주)인텔리빅스,서울서초구경력무관초대졸↑정규직,"AI(인공지능),딥러닝,알고리즘,C++,백엔드/서버개발외등록일 24/10/15",N/A,https://www.saramin.co.kr/zf_user/jobs/relay/view?view_type=search&rec_idx=49201346&location=ts&searchword=%EC%9D%B8%EA%B3%B5%EC%A7%80%EB%8A%A5&searchType=search&paid_fl=n&search_uuid=a45c336d-96a9-45cc-8609-21b87f76a3f6
인공지능,[엔코아] 기업부설연구소 AI Hub 팀의 개발 인력 채용,(주)엔코아,서울마포구경력 1~3년학력무관정규직,"AI(인공지능),딥러닝,알고리즘,Python,머신러닝외수정일 24/11/26",N/A,https://www.saramin.co.kr/zf_user/jobs/relay/view?view_type=search&rec_idx=49468661&location=ts&searchword=%EC%9D%B8%EA%B3%B5%EC%A7%80%EB%8A%A5&searchType=search&paid_fl=n&search_uuid=a45c336d-96a9-45cc-8609-21b87f76a3f6
인공지능,AI연구소 AI기반연구팀 팀원(경력),(주)아이스크림아트,서울강남구경력 5~7년대졸↑정규직,"AI(인공지능),AI(인공지능),연구원,R&D,솔루션외수정일 24/11/28",N/A,https://www.saramin.co.kr/zf_user/jobs/relay/view?view_type=search&rec_idx=49490935&location=ts&searchword=%EC%9D%B8%EA%B3%B5%EC%A7%80%EB%8A%A5&searchType=search&paid_fl=n&search_uuid=a45c336d-96a9-45cc-8609-21b87f76a3f6
인공지능,"멀티모달 AI 엔지니어 채용 (병역특례, 전문연구요원 지원 가능)",(주)로민,서울서초구경력2년↑대졸↑정규직,"AI(인공지능),딥러닝,알고리즘,Python,머신러닝외등록일 24/11/11",N/A,https://www.saramin.co.kr/zf_user/jobs/relay/view?view_type=search&rec_idx=49380154&location=ts&searchword=%EC%9D%B8%EA%B3%B5%EC%A7%80%EB%8A%A5&searchType=search&paid_fl=n&search_uuid=a45c336d-96a9-45cc-8609-21b87f76a3f6
인공지능,[생성형 AI] 연구과제 수행 기업부설연구소 연구원 모집,(주)페이먼트인앱,서울동작구경력무관대졸↑정규직·계약직,"AI(인공지능),딥러닝,머신러닝,빅데이터,데이터마이닝외등록일 24/11/22",N/A,https://www.saramin.co.kr/zf_user/jobs/relay/view?view_type=search&rec_idx=49452194&location=ts&searchword=%EC%9D%B8%EA%B3%B5%EC%A7%80%EB%8A%A5&searchType=search&paid_fl=n&search_uuid=a45c336d-96a9-45cc-8609-21b87f76a3f6
인공지능,"AI 암진단 개발 (서울, 전문연구요원)",브이픽스메디칼,서울동대문구경력무관대졸↑정규직·전문연구요원,"AI(인공지능),알고리즘,Python,연구원,R&D외등록일 24/10/22",N/A,https://www.saramin.co.kr/zf_user/jobs/relay/view?view_type=search&rec_idx=49244116&location=ts&searchword=%EC%9D%B8%EA%B3%B5%EC%A7%80%EB%8A%A5&searchType=search&paid_fl=n&search_uuid=a45c336d-96a9-45cc-8609-21b87f76a3f6
인공지능,[AI 몰입연구소] 서비스 기획자 채용 (5년 이상),(주)유컴패니온그룹,서울강남구경력5년↑학력무관정규직,"딥러닝,머신러닝,솔루션,빅데이터,데이터분석가외수정일 24/11/13",N/A,https://www.saramin.co.kr/zf_user/jobs/relay/view?view_type=search&rec_idx=49196329&location=ts&searchword=%EC%9D%B8%EA%B3%B5%EC%A7%80%EB%8A%A5&searchType=search&paid_fl=n&search_uuid=b29b91fc-2116-41e2-ac4f-0cf8c13daa4c
인공지능,"AI Engineer (전문연구요원 가능, 석사 이상)",(주)라온데이터,서울전체신입·경력석사↑정규직,"딥러닝,Python,머신러닝,빅데이터,데이터분석가외등록일 24/11/11",N/A,https://www.saramin.co.kr/zf_user/jobs/relay/view?view_type=search&rec_idx=49376957&location=ts&searchword=%EC%9D%B8%EA%B3%B5%EC%A7%80%EB%8A%A5&searchType=search&paid_fl=n&search_uuid=b29b91fc-2116-41e2-ac4f-0cf8c13daa4c
인공지능,[Global 솔루션] AI연구소 영상보안 응용SW개발 인력모집,(주)인텔리빅스,서울서초구신입·경력초대졸↑정규직,"딥러닝,솔루션,S/W,보안관제,네트워크외수정일 24/11/25",N/A,https://www.saramin.co.kr/zf_user/jobs/relay/view?view_type=search&rec_idx=49460398&location=ts&searchword=%EC%9D%B8%EA%B3%B5%EC%A7%80%EB%8A%A5&searchType=search&paid_fl=n&search_uuid=b29b91fc-2116-41e2-ac4f-0cf8c13daa4c
인공지능,SW개발(AI파트) 초음파 진단기 개발 임상 연구원 경력 채용,알피니언메디칼시스템,서울전체경력 8~18년대졸↑정규직,"연구원,방사선사,초음파사,CRA(임상연구원),CRM(임상연구전문가)외수정일 24/11/04",N/A,https://www.saramin.co.kr/zf_user/jobs/relay/view?view_type=search&rec_idx=49325601&location=ts&searchword=%EC%9D%B8%EA%B3%B5%EC%A7%80%EB%8A%A5&searchType=search&paid_fl=n&search_uuid=b29b91fc-2116-41e2-ac4f-0cf8c13daa4c
인공지능,[AI 세금신고 1위 SSEM] SSEM 세금 이론 연구 담당자,(주)널리소프트,서울영등포구경력무관학력무관정규직,"알고리즘,R&D,핀테크,경리,세무사외수정일 24/10/21",N/A,https://www.saramin.co.kr/zf_user/jobs/relay/view?view_type=search&rec_idx=49180927&location=ts&searchword=%EC%9D%B8%EA%B3%B5%EC%A7%80%EB%8A%A5&searchType=search&paid_fl=n&search_uuid=b29b91fc-2116-41e2-ac4f-0cf8c13daa4c
인공지능,[딥브레인AI] 딥러닝 연구원 / 엔지니어 모집 (전문연구요원),(주)딥브레인에이아이,서울강남구경력무관석사↑정규직,"딥러닝,알고리즘,Python,머신러닝,빅데이터외등록일 24/11/18",N/A,https://www.saramin.co.kr/zf_user/jobs/relay/view?view_type=search&rec_idx=49416902&location=ts&searchword=%EC%9D%B8%EA%B3%B5%EC%A7%80%EB%8A%A5&searchType=search&paid_fl=n&search_uuid=b29b91fc-2116-41e2-ac4f-0cf8c13daa4c
인공지능,주식회사 메테오바이오텍 AI 이미지 분석 연구원 모집,(주)메테오바이오텍,서울관악구경력무관학력무관계약직,"연구원,R&D,생명과학,세포배양,의료기기연구외수정일 24/11/29",N/A,https://www.saramin.co.kr/zf_user/jobs/relay/view?view_type=search&rec_idx=49316741&location=ts&searchword=%EC%9D%B8%EA%B3%B5%EC%A7%80%EB%8A%A5&searchType=search&paid_fl=n&search_uuid=b29b91fc-2116-41e2-ac4f-0cf8c13daa4c
인공지능,AI연구소-컴퓨터 비전 AI연구원 (흉부 X-Ray),(주)딥노이드,서울구로구경력3년↑석사↑정규직,"AI(인공지능),알고리즘,컴퓨터비전,Docker,소프트웨어개발수정일 24/10/11",N/A,https://www.saramin.co.kr/zf_user/jobs/relay/view?view_type=search&rec_idx=49169692&location=ts&searchword=%EC%9D%B8%EA%B3%B5%EC%A7%80%EB%8A%A5&searchType=search&paid_fl=n&search_uuid=b8473ba4-b824-4079-86ae-a6381195fb6b
인공지능,[AI연구팀]NLP딥러닝 엔지니어,텔레픽스(주),서울영등포구경력2년↑학력무관정규직,"AI(인공지능),알고리즘,Python,빅데이터,영상처리외수정일 24/10/28",N/A,https://www.saramin.co.kr/zf_user/jobs/relay/view?view_type=search&rec_idx=49284344&location=ts&searchword=%EC%9D%B8%EA%B3%B5%EC%A7%80%EB%8A%A5&searchType=search&paid_fl=n&search_uuid=b8473ba4-b824-4079-86ae-a6381195fb6b
인공지능,연구소 AI팀 개발 팀장급 채용,(주)위키드스톰,서울강서구경력 10~15년대졸↑정규직,"AI(인공지능),Python,머신러닝,솔루션,빅데이터외수정일 24/11/25",N/A,https://www.saramin.co.kr/zf_user/jobs/relay/view?view_type=search&rec_idx=49224085&location=ts&searchword=%EC%9D%B8%EA%B3%B5%EC%A7%80%EB%8A%A5&searchType=search&paid_fl=n&search_uuid=b8473ba4-b824-4079-86ae-a6381195fb6b
인공지능,Artificial Intelligence(AI) engineering (병역특례/전문연구요원 우대),(주)아론티어,서울전체경력 2~10년석사↑정규직,"AI(인공지능),딥러닝,알고리즘,Python,머신러닝외등록일 24/11/22",N/A,https://www.saramin.co.kr/zf_user/jobs/relay/view?view_type=search&rec_idx=49455285&location=ts&searchword=%EC%9D%B8%EA%B3%B5%EC%A7%80%EB%8A%A5&searchType=search&paid_fl=n&search_uuid=b8473ba4-b824-4079-86ae-a6381195fb6b
인공지능,[AI기반 신약개발기업]항암신약개발 약리연구원(박사/PL급) 채용,(주)브이비젼,서울강남구경력10년↑박사정규직,"AI(인공지능),연구원,R&D,약사,제약QA외수정일 24/11/27",N/A,https://www.saramin.co.kr/zf_user/jobs/relay/view?view_type=search&rec_idx=49477842&location=ts&searchword=%EC%9D%B8%EA%B3%B5%EC%A7%80%EB%8A%A5&searchType=search&paid_fl=n&search_uuid=7d15a6f4-27cb-439f-89ce-a01c71cd628a
인공지능,[AI 전문회사/ 서울시 강남구] R&D 연구소장(CTO),에이치알제이(HRJ),서울강남구경력10년↑석사↑정규직,"AI(인공지능),AI(인공지능),딥러닝,R&D,머신러닝외수정일 24/11/17",N/A,https://www.saramin.co.kr/zf_user/jobs/relay/view?view_type=search&rec_idx=49414561&location=ts&searchword=%EC%9D%B8%EA%B3%B5%EC%A7%80%EB%8A%A5&searchType=search&paid_fl=n&search_uuid=7d15a6f4-27cb-439f-89ce-a01c71cd628a
인공지능,AI 개발(STT/LLM 모델 연구 및 개발),(주)넥서스커뮤니티,서울전체경력 7~15년대졸↑정규직,"AI(인공지능),딥러닝,알고리즘,Python,머신러닝외등록일 24/11/20",N/A,https://www.saramin.co.kr/zf_user/jobs/relay/view?view_type=search&rec_idx=49439912&location=ts&searchword=%EC%9D%B8%EA%B3%B5%EC%A7%80%EB%8A%A5&searchType=search&paid_fl=n&search_uuid=7d15a6f4-27cb-439f-89ce-a01c71cd628a
인공지능,[연구 개발] DBMS Cloud AI 전문가 채용,(주)알티베이스,서울구로구경력무관학력무관정규직,"AI(인공지능),연구원,R&D,R&D기획,기술연구외등록일 24/10/07",N/A,https://www.saramin.co.kr/zf_user/jobs/relay/view?view_type=search&rec_idx=49144916&location=ts&searchword=%EC%9D%B8%EA%B3%B5%EC%A7%80%EB%8A%A5&searchType=search&paid_fl=n&search_uuid=7d15a6f4-27cb-439f-89ce-a01c71cd628a
인공지능,(주) 벨로크 기업부설연구소 경력사원 모집(AI 영상분석),주식회사 벨로크,서울금천구경력 5~10년대졸↑정규직,"AI(인공지능),알고리즘,Python,연구원,유지보수외수정일 24/11/28",N/A,https://www.saramin.co.kr/zf_user/jobs/relay/view?view_type=search&rec_idx=49375617&location=ts&searchword=%EC%9D%B8%EA%B3%B5%EC%A7%80%EB%8A%A5&searchType=search&paid_fl=n&search_uuid=7d15a6f4-27cb-439f-89ce-a01c71cd628a
인공지능,"생성형 AI 모델 연구 및 응용개발(AI, ML)",(주)엑스큐어넷,서울은평구경력 3~15년초대졸↑정규직,"AI(인공지능),딥러닝,알고리즘,Python,C++외등록일 24/11/08",N/A,https://www.saramin.co.kr/zf_user/jobs/relay/view?view_type=search&rec_idx=49366228&location=ts&searchword=%EC%9D%B8%EA%B3%B5%EC%A7%80%EB%8A%A5&searchType=search&paid_fl=n&search_uuid=7d15a6f4-27cb-439f-89ce-a01c71cd628a
인공지능,AI 정부연구과제 개발 및 진행(연구소장),(주)한국정보공작소,서울금천구경력9년↑대졸↑정규직,"AI(인공지능),Python,머신러닝,빅데이터,IoT외등록일 24/11/01",N/A,https://www.saramin.co.kr/zf_user/jobs/relay/view?view_type=search&rec_idx=49319424&location=ts&searchword=%EC%9D%B8%EA%B3%B5%EC%A7%80%EB%8A%A5&searchType=search&paid_fl=n&search_uuid=7d15a6f4-27cb-439f-89ce-a01c71cd628a
인공지능,AI 연구원 및 개발자 모집,(주)델타엑스,서울구로구경력5년↑대졸↑정규직,"AI(인공지능),딥러닝,알고리즘,Python,머신러닝외등록일 24/11/18",N/A,https://www.saramin.co.kr/zf_user/jobs/relay/view?view_type=search&rec_idx=49416750&location=ts&searchword=%EC%9D%B8%EA%B3%B5%EC%A7%80%EB%8A%A5&searchType=search&paid_fl=n&search_uuid=7d15a6f4-27cb-439f-89ce-a01c71cd628a
인공지능,"[생성AI]LLM, DIffusion 석사 연구원 채용",(주)유어라운드,서울강남구신입·경력석사↑정규직·계약직,"AI(인공지능),AI(인공지능),Python,연구원,솔루션외등록일 24/11/25",N/A,https://www.saramin.co.kr/zf_user/jobs/relay/view?view_type=search&rec_idx=49466407&location=ts&searchword=%EC%9D%B8%EA%B3%B5%EC%A7%80%EB%8A%A5&searchType=search&paid_fl=n&search_uuid=7d15a6f4-27cb-439f-89ce-a01c71cd628a
인공지능,코스닥 상장사에서 AI연구소장을 채용합니다.,(주)휴먼트리월드와이드,서울용산구경력8년↑학력무관정규직,"AI(인공지능),솔루션업체,소프트웨어개발등록일 24/11/25",N/A,https://www.saramin.co.kr/zf_user/jobs/relay/view?view_type=search&rec_idx=49462175&location=ts&searchword=%EC%9D%B8%EA%B3%B5%EC%A7%80%EB%8A%A5&searchType=search&paid_fl=n&search_uuid=cacdfacb-2bad-4b8a-9294-5cfb744a7001
인공지능,(주)아이스크림아츠트 AI연구소 AI기반연구팀 팀장/팀원(경력),(주)아이스크림아트,서울강남구경력 5~10년대졸↑정규직,"AI(인공지능),AI(인공지능),딥러닝,Python,머신러닝외수정일 24/11/25",N/A,https://www.saramin.co.kr/zf_user/jobs/relay/view?view_type=search&rec_idx=49467513&location=ts&searchword=%EC%9D%B8%EA%B3%B5%EC%A7%80%EB%8A%A5&searchType=search&paid_fl=n&search_uuid=cacdfacb-2bad-4b8a-9294-5cfb744a7001
인공지능,AI 연구원 [국내 유망 바이오],워크맨그룹 주식회사,서울강남구경력4년↑학력무관정규직,"AI(인공지능),AI(인공지능),연구원,Flask,Pytorch외등록일 24/11/20",N/A,https://www.saramin.co.kr/zf_user/jobs/relay/view?view_type=search&rec_idx=49440282&location=ts&searchword=%EC%9D%B8%EA%B3%B5%EC%A7%80%EB%8A%A5&searchType=search&paid_fl=n&search_uuid=cacdfacb-2bad-4b8a-9294-5cfb744a7001
인공지능,[국내AI기업] 딥러닝(영상/음성) 연구원,토니서치,서울강남구경력무관석사↑정규직,"AI(인공지능),AI(인공지능),딥러닝,연구원,TTS외등록일 24/11/18",N/A,https://www.saramin.co.kr/zf_user/jobs/relay/view?view_type=search&rec_idx=49415763&location=ts&searchword=%EC%9D%B8%EA%B3%B5%EC%A7%80%EB%8A%A5&searchType=search&paid_fl=n&search_uuid=cacdfacb-2bad-4b8a-9294-5cfb744a7001
인공지능,(전문연구요원 가능) AI 컴파일러 엔지니어 채용 공고,(주)에너자이,서울강남구경력무관고졸↑정규직·전문연구요원,"AI(인공지능),딥러닝,C++,C언어,Pytorch외등록일 24/11/20",N/A,https://www.saramin.co.kr/zf_user/jobs/relay/view?view_type=search&rec_idx=49440536&location=ts&searchword=%EC%9D%B8%EA%B3%B5%EC%A7%80%EB%8A%A5&searchType=search&paid_fl=n&search_uuid=cacdfacb-2bad-4b8a-9294-5cfb744a7001
인공지능,한영넉스 AI연구소 - Python 어플리케이션 개발자 채용,(주)한영넉스,서울영등포구경력3년↑대졸↑정규직,"Python,C++,Windows,임베디드리눅스,임베디드외수정일 24/11/08",N/A,https://www.saramin.co.kr/zf_user/jobs/relay/view?view_type=search&rec_idx=49364260&location=ts&searchword=%EC%9D%B8%EA%B3%B5%EC%A7%80%EB%8A%A5&searchType=search&paid_fl=n&search_uuid=438d1608-690b-4c7e-86cf-4540a71335f3
인공지능,연구소 빅데이터분석/AI솔루션개발자/ Visual C++ 개발자 모집,㈜이씨마이너,"서울강남구경력무관대졸↑정규직3,500 만원","C++,Windows,C언어,Java,R외등록일 24/11/18",N/A,https://www.saramin.co.kr/zf_user/jobs/relay/view?view_type=search&rec_idx=49421753&location=ts&searchword=%EC%9D%B8%EA%B3%B5%EC%A7%80%EB%8A%A5&searchType=search&paid_fl=n&search_uuid=438d1608-690b-4c7e-86cf-4540a71335f3
인공지능,[모빅랩] 병역특례 전문연구요원(AI Researcher),(주)모빅랩,서울서초구경력무관석사↑정규직,"딥러닝,알고리즘,Python,C++,머신러닝외수정일 24/10/29",N/A,https://www.saramin.co.kr/zf_user/jobs/relay/view?view_type=search&rec_idx=49290590&location=ts&searchword=%EC%9D%B8%EA%B3%B5%EC%A7%80%EB%8A%A5&searchType=search&paid_fl=n&search_uuid=438d1608-690b-4c7e-86cf-4540a71335f3
인공지능,[신입/경력]전기전자/AI 분야 특허전문연구원(명세사) 모집,유원국제특허법률사무소,서울성동구경력무관대졸↑정규직,"특허명세사,특허분석,특허컨설팅,변리사,특허사무소외등록일 24/10/30",N/A,https://www.saramin.co.kr/zf_user/jobs/relay/view?view_type=search&rec_idx=49303452&location=ts&searchword=%EC%9D%B8%EA%B3%B5%EC%A7%80%EB%8A%A5&searchType=search&paid_fl=n&search_uuid=77447790-2501-494d-8b5a-24b9ed876207
인공지능,AI기반  교육솔루션 운영기업 B2B 세일즈 담당 (중장년 우대),(주)라이프플래닝연구소,서울마포구경력3년↑학력무관무기계약직·계약직,"솔루션기술영업,영업전략,B2B,거래처영업,S/W외등록일 24/11/18",N/A,https://www.saramin.co.kr/zf_user/jobs/relay/view?view_type=search&rec_idx=49416570&location=ts&searchword=%EC%9D%B8%EA%B3%B5%EC%A7%80%EB%8A%A5&searchType=search&paid_fl=n&search_uuid=acd2a5ea-496f-4b33-8d8c-b136b717a2e9
인공지능,AI기반 영어학습채팅앱 개발사 정부지원사업 담당자(중장년우대),(주)라이프플래닝연구소,서울강남구경력2년↑대졸↑계약직300 만원,"세무회계,자금관리,공공영업,사업기획,실적관리외등록일 24/11/25",N/A,https://www.saramin.co.kr/zf_user/jobs/relay/view?view_type=search&rec_idx=49461319&location=ts&searchword=%EC%9D%B8%EA%B3%B5%EC%A7%80%EB%8A%A5&searchType=search&paid_fl=n&search_uuid=acd2a5ea-496f-4b33-8d8c-b136b717a2e9
인공지능,AI Marketing기업 마케팅 연구원부문 (분석),(주)에이치알비즈코리아,서울강남구경력5년↑대졸↑정규직,"프로덕트마케팅,마케팅,시장조사,CRM,솔루션업체수정일 24/12/01",N/A,https://www.saramin.co.kr/zf_user/jobs/relay/view?view_type=search&rec_idx=49458160&location=ts&searchword=%EC%9D%B8%EA%B3%B5%EC%A7%80%EB%8A%A5&searchType=search&paid_fl=n&search_uuid=acd2a5ea-496f-4b33-8d8c-b136b717a2e9
인공지능,삼양식품 - Healthcare BU 건강기능식품 제품개발 연구원 채용,삼양식품(주),서울성동구경력3년↑대졸↑정규직,"연구원,식품연구,건강기능식품,식품,식음료외수정일 24/11/14",N/A,https://www.saramin.co.kr/zf_user/jobs/relay/view?view_type=search&rec_idx=49401595&location=ts&searchword=%EC%9D%B8%EA%B3%B5%EC%A7%80%EB%8A%A5&searchType=search&paid_fl=n&search_uuid=a67239e6-efd3-477e-8cc2-8ca23f130407
인공지능,유전체분석 실험 연구원 모집(신입/경력1~3년),㈜디엔에이링크,서울전체경력무관초대졸↑정규직,"연구원,생명과학,제약/바이오,바이오,생명공학수정일 24/11/27",N/A,https://www.saramin.co.kr/zf_user/jobs/relay/view?view_type=search&rec_idx=49390173&location=ts&searchword=%EC%9D%B8%EA%B3%B5%EC%A7%80%EB%8A%A5&searchType=search&paid_fl=n&search_uuid=a67239e6-efd3-477e-8cc2-8ca23f130407
인공지능,서울대학교병원 자연어 처리 연구원 채용,서울대학교병원,서울종로구경력무관대졸↑계약직,"AI(인공지능),딥러닝,Python,머신러닝,빅데이터외등록일 24/10/29",N/A,https://www.saramin.co.kr/zf_user/jobs/relay/view?view_type=search&rec_idx=49292903&location=ts&searchword=%EC%9D%B8%EA%B3%B5%EC%A7%80%EB%8A%A5&searchType=search&paid_fl=n&search_uuid=59cf35d8-08fe-484c-87b3-6ef61cf0cbc0
인공지능,연구개발 부문(소프트웨어 연구 개발 직군) 경력 채용,㈜피앤피시큐어,서울강서구경력2년↑학력무관정규직,"AI(인공지능),딥러닝,C++,솔루션,기술지원외등록일 24/11/21",N/A,https://www.saramin.co.kr/zf_user/jobs/relay/view?view_type=search&rec_idx=49448179&location=ts&searchword=%EC%9D%B8%EA%B3%B5%EC%A7%80%EB%8A%A5&searchType=search&paid_fl=n&search_uuid=59cf35d8-08fe-484c-87b3-6ef61cf0cbc0
인공지능,연구용 데이터 라벨링 아르바이트 모집합니다.,한국영상정보연구조합,"서울강남구경력무관학력무관아르바이트90,000 원","AI(인공지능),AI(인공지능),협회,조합,사단법인수정일 24/10/30",N/A,https://www.saramin.co.kr/zf_user/jobs/relay/view?view_type=search&rec_idx=49302282&location=ts&searchword=%EC%9D%B8%EA%B3%B5%EC%A7%80%EB%8A%A5&searchType=search&paid_fl=n&search_uuid=59cf35d8-08fe-484c-87b3-6ef61cf0cbc0
인공지능,도시/교통분야 빅데이터 분석 및 R&D 연구인력 (신입/경력) 모집,(주)스페이스인사이트,서울강서구경력무관대졸↑정규직,"AI(인공지능),딥러닝,Python,연구원,R&D외수정일 24/11/19",N/A,https://www.saramin.co.kr/zf_user/jobs/relay/view?view_type=search&rec_idx=49284337&location=ts&searchword=%EC%9D%B8%EA%B3%B5%EC%A7%80%EB%8A%A5&searchType=search&paid_fl=n&search_uuid=59cf35d8-08fe-484c-87b3-6ef61cf0cbc0
인공지능,[연구원] 2024년 하반기 신입 및 경력직 채용공고,발코니팜(주),서울강남구신입·경력대졸↑계약직,"AI(인공지능),연구원,R&D,R&D기획,기술연구외등록일 24/11/25",N/A,https://www.saramin.co.kr/zf_user/jobs/relay/view?view_type=search&rec_idx=49463575&location=ts&searchword=%EC%9D%B8%EA%B3%B5%EC%A7%80%EB%8A%A5&searchType=search&paid_fl=n&search_uuid=59cf35d8-08fe-484c-87b3-6ef61cf0cbc0
인공지능,상상 국어 평가 연구소에서 데이터 분석 전문가를 모십니다.,(주)이매진씨앤이,서울서초구경력무관대졸↑정규직,"데이터분석가,교재제작·출판수정일 24/11/11",N/A,https://www.saramin.co.kr/zf_user/jobs/relay/view?view_type=search&rec_idx=49379025&location=ts&searchword=%EC%9D%B8%EA%B3%B5%EC%A7%80%EB%8A%A5&searchType=search&paid_fl=n&search_uuid=892b72bf-5684-4aa9-a893-f24904cb11a0
인공지능,프로그래밍 연구보조원 모집(계약직/휴학생 우대),(주)칩스앤미디어,서울강남구신입·경력학력무관계약직,"Python,기술지원,웹개발,QA/테스터,FPGA외수정일 24/11/29",N/A,https://www.saramin.co.kr/zf_user/jobs/relay/view?view_type=search&rec_idx=49496769&location=ts&searchword=%EC%9D%B8%EA%B3%B5%EC%A7%80%EB%8A%A5&searchType=search&paid_fl=n&search_uuid=892b72bf-5684-4aa9-a893-f24904cb11a0
인공지능,삼양식품 - Healthcare BU Mitomics연구소 안전/환경/총무 채용,삼양식품(주),서울성동구경력2년↑대졸↑정규직,"연구원,R&D,안전관리자,폐기물처리기사,안전보건관리자외수정일 24/11/19",N/A,https://www.saramin.co.kr/zf_user/jobs/relay/view?view_type=search&rec_idx=49327026&location=ts&searchword=%EC%9D%B8%EA%B3%B5%EC%A7%80%EB%8A%A5&searchType=search&paid_fl=n&search_uuid=892b72bf-5684-4aa9-a893-f24904cb11a0
인공지능,국립암센터 박사/박사 후 연구원 (기초-중개-임상연구),국립암센터,경기고양시 일산동구경력박사기간제·무기계약직,"연구원,동물실험,분자진단,생명과학,세포배양외수정일 24/11/28",N/A,https://www.saramin.co.kr/zf_user/jobs/relay/view?view_type=search&rec_idx=49489777&location=ts&searchword=%EC%9D%B8%EA%B3%B5%EC%A7%80%EB%8A%A5&searchType=search&paid_fl=n&search_uuid=892b72bf-5684-4aa9-a893-f24904cb11a0
인공지능,국책과제(연구개발사업) PM - 기획 및 사업관리 담당 채용,연세대학교의료원 산학협력단,서울서대문구경력 2~3년대졸↑무기계약직·계약직,"연구원,CRA(임상연구원),사업관리,기획,리스크 관리외등록일 24/11/26",N/A,https://www.saramin.co.kr/zf_user/jobs/relay/view?view_type=search&rec_idx=49474285&location=ts&searchword=%EC%9D%B8%EA%B3%B5%EC%A7%80%EB%8A%A5&searchType=search&paid_fl=n&search_uuid=892b72bf-5684-4aa9-a893-f24904cb11a0
인공지능,"[기술연구소] 솔루션(Java, jsp) 개발자 채용",(주)누리어시스템,서울전체경력4년↑대졸↑정규직,"솔루션,빅데이터,백엔드/서버개발,앱개발,웹개발외등록일 24/11/28",N/A,https://www.saramin.co.kr/zf_user/jobs/relay/view?view_type=search&rec_idx=49489915&location=ts&searchword=%EC%9D%B8%EA%B3%B5%EC%A7%80%EB%8A%A5&searchType=search&paid_fl=n&search_uuid=9f921a97-249e-4dd0-a841-4b8d26e89aec
인공지능,[현대경제연구원] 콘텐츠 기획 담당자 채용(육아휴직 대체),(주)현대경제연구원,서울종로구경력3년↑학력무관계약직,"콘텐츠기획,콘텐츠마케팅,콘텐츠에디터,교육기획,기획외등록일 24/11/26",N/A,https://www.saramin.co.kr/zf_user/jobs/relay/view?view_type=search&rec_idx=49473167&location=ts&searchword=%EC%9D%B8%EA%B3%B5%EC%A7%80%EB%8A%A5&searchType=search&paid_fl=n&search_uuid=2479f870-b3cb-4b07-805e-7f333af844af
인공지능,자연어 처리 연구원 채용(경력),㈜더아이엠씨,서울전체경력1년↑대졸↑정규직,"AI(인공지능),AI(인공지능),알고리즘,Python,연구원외수정일 24/10/22",N/A,https://www.saramin.co.kr/zf_user/jobs/relay/view?view_type=search&rec_idx=49245309&location=ts&searchword=%EC%9D%B8%EA%B3%B5%EC%A7%80%EB%8A%A5&searchType=search&paid_fl=n&search_uuid=6619e907-3766-4665-a4e7-849a87cb30fb
인공지능,ML Researcher (머신러닝 연구원) 신입 채용,(주)메이아이,서울전체신입·경력학력무관정규직,"AI(인공지능),딥러닝,알고리즘,머신러닝,빅데이터외수정일 24/11/28",N/A,https://www.saramin.co.kr/zf_user/jobs/relay/view?view_type=search&rec_idx=49487988&location=ts&searchword=%EC%9D%B8%EA%B3%B5%EC%A7%80%EB%8A%A5&searchType=search&paid_fl=n&search_uuid=6619e907-3766-4665-a4e7-849a87cb30fb
인공지능,[판교 / 로봇 스타트업] Robot Control Engineer (전문연구),(주)플라잎,서울전체경력3년↑대졸↑정규직,"AI(인공지능),딥러닝,Python,연구원,C++외수정일 24/11/28",N/A,https://www.saramin.co.kr/zf_user/jobs/relay/view?view_type=search&rec_idx=49280168&location=ts&searchword=%EC%9D%B8%EA%B3%B5%EC%A7%80%EB%8A%A5&searchType=search&paid_fl=n&search_uuid=6619e907-3766-4665-a4e7-849a87cb30fb
인공지능,[전문연구요원 가능] Deep Learning Research Engineer,(주)모빌린트,서울전체신입·경력석사↑정규직,"AI(인공지능),딥러닝,알고리즘,Python,C++외등록일 24/11/05",N/A,https://www.saramin.co.kr/zf_user/jobs/relay/view?view_type=search&rec_idx=49337535&location=ts&searchword=%EC%9D%B8%EA%B3%B5%EC%A7%80%EB%8A%A5&searchType=search&paid_fl=n&search_uuid=6619e907-3766-4665-a4e7-849a87cb30fb
인공지능,[ 판교 / 로봇 스타트업 ] Mechanical Engineer (전문연구요원),(주)플라잎,서울전체경력3년↑대졸↑정규직,"AI(인공지능),AI(인공지능),R&D,백엔드/서버개발,아키텍쳐외등록일 24/11/12",N/A,https://www.saramin.co.kr/zf_user/jobs/relay/view?view_type=search&rec_idx=49386854&location=ts&searchword=%EC%9D%B8%EA%B3%B5%EC%A7%80%EB%8A%A5&searchType=search&paid_fl=n&search_uuid=6619e907-3766-4665-a4e7-849a87cb30fb
인공지능,항암 신약 개발 약리연구원(Project leader) 채용,(주)스탠다임,서울강남구경력7년↑박사정규직,"AI(인공지능),연구원,R&D,의약외품연구,이화학시험외수정일 24/11/13",N/A,https://www.saramin.co.kr/zf_user/jobs/relay/view?view_type=search&rec_idx=49395304&location=ts&searchword=%EC%9D%B8%EA%B3%B5%EC%A7%80%EB%8A%A5&searchType=search&paid_fl=n&search_uuid=6619e907-3766-4665-a4e7-849a87cb30fb
인공지능,[판교 / 로봇 스타트업] 컴퓨터 비전 엔지니어 채용(전문연구),(주)플라잎,서울전체경력3년↑대졸↑정규직,"AI(인공지능),AI(인공지능),딥러닝,알고리즘,Python외등록일 24/11/28",N/A,https://www.saramin.co.kr/zf_user/jobs/relay/view?view_type=search&rec_idx=49487458&location=ts&searchword=%EC%9D%B8%EA%B3%B5%EC%A7%80%EB%8A%A5&searchType=search&paid_fl=n&search_uuid=6619e907-3766-4665-a4e7-849a87cb30fb
인공지능,교육 운영 매니저 (퍼실리테이터),(주)모두의연구소,서울강남구경력 1~7년초대졸↑계약직,"AI(인공지능),머신러닝,교육행정,교육운영,인터넷교육등록일 24/11/11",N/A,https://www.saramin.co.kr/zf_user/jobs/relay/view?view_type=search&rec_idx=49373361&location=ts&searchword=%EC%9D%B8%EA%B3%B5%EC%A7%80%EB%8A%A5&searchType=search&paid_fl=n&search_uuid=d58a99db-3773-4355-896b-ab12374f30ed
인공지능,연구과제참여 - 머신/딥러닝 기반 의료영상분석 채용 공고,서울대학교병원,서울종로구신입·경력대졸↑계약직,"AI(인공지능),딥러닝,Python,머신러닝,종합병원등록일 24/10/21",N/A,https://www.saramin.co.kr/zf_user/jobs/relay/view?view_type=search&rec_idx=49233476&location=ts&searchword=%EC%9D%B8%EA%B3%B5%EC%A7%80%EB%8A%A5&searchType=search&paid_fl=n&search_uuid=d58a99db-3773-4355-896b-ab12374f30ed
인공지능,자기공명분광영상(MRSI) 기술개발 연구원 모집 (학사/석사/박사),서울대학교병원,서울종로구경력무관대졸↑계약직,"AI(인공지능),AI(인공지능),딥러닝,알고리즘,연구원외등록일 24/10/25",N/A,https://www.saramin.co.kr/zf_user/jobs/relay/view?view_type=search&rec_idx=49268924&location=ts&searchword=%EC%9D%B8%EA%B3%B5%EC%A7%80%EB%8A%A5&searchType=search&paid_fl=n&search_uuid=d58a99db-3773-4355-896b-ab12374f30ed
인공지능,[연구소] 온라인 마케팅 데이터 분석 및 설계 (경력),(주)트리플하이엠,서울금천구경력2년↑대졸↑정규직,"AI(인공지능),Python,머신러닝,솔루션,데이터라벨링외수정일 24/11/25",N/A,https://www.saramin.co.kr/zf_user/jobs/relay/view?view_type=search&rec_idx=49464953&location=ts&searchword=%EC%9D%B8%EA%B3%B5%EC%A7%80%EB%8A%A5&searchType=search&paid_fl=n&search_uuid=d58a99db-3773-4355-896b-ab12374f30ed
인공지능,(주)케이사인 연구소 병역특례 채용모집,(주)케이사인,서울전체경력무관대졸↑정규직·전문연구요원,"AI(인공지능),AI(인공지능),연구원,R&D,솔루션외등록일 24/10/23",N/A,https://www.saramin.co.kr/zf_user/jobs/relay/view?view_type=search&rec_idx=49255145&location=ts&searchword=%EC%9D%B8%EA%B3%B5%EC%A7%80%EB%8A%A5&searchType=search&paid_fl=n&search_uuid=d58a99db-3773-4355-896b-ab12374f30ed
인공지능,[위즈베라/IOS/개발/경력] 기업부설연구소 IOS 개발자 채용,(주)위즈베라,서울성동구경력 3~10년학력무관정규직,"AI(인공지능),Python,C++,머신러닝,솔루션외수정일 24/11/27",N/A,https://www.saramin.co.kr/zf_user/jobs/relay/view?view_type=search&rec_idx=49347628&location=ts&searchword=%EC%9D%B8%EA%B3%B5%EC%A7%80%EB%8A%A5&searchType=search&paid_fl=n&search_uuid=d58a99db-3773-4355-896b-ab12374f30ed
인공지능,(주)모비젠 연구소 기획자 경력직 모집,(주)모비젠,경기성남시 수정구경력3년↑대졸↑정규직,"AI(인공지능),AI(인공지능),Python,DBMS,CSS외수정일 24/11/22",N/A,https://www.saramin.co.kr/zf_user/jobs/relay/view?view_type=search&rec_idx=49421639&location=ts&searchword=%EC%9D%B8%EA%B3%B5%EC%A7%80%EB%8A%A5&searchType=search&paid_fl=n&search_uuid=d58a99db-3773-4355-896b-ab12374f30ed
인공지능,[클라리파이] 기업부설연구소 시스템팀 개발자 채용,(주)클라리파이,서울종로구경력무관대졸↑정규직·계약직,"AI(인공지능),딥러닝,알고리즘,Python,연구원외등록일 24/11/26",N/A,https://www.saramin.co.kr/zf_user/jobs/relay/view?view_type=search&rec_idx=49469788&location=ts&searchword=%EC%9D%B8%EA%B3%B5%EC%A7%80%EB%8A%A5&searchType=search&paid_fl=n&search_uuid=55eed242-fb04-4c11-b41b-188f71d6deb4
인공지능,딥러닝/3D 비전/Data Scientist 병역특례(전문연구요원),(주)델타엑스,서울구로구경력무관석사↑정규직·전문연구요원,"AI(인공지능),AI(인공지능),딥러닝,알고리즘,Python외등록일 24/11/01",N/A,https://www.saramin.co.kr/zf_user/jobs/relay/view?view_type=search&rec_idx=49318164&location=ts&searchword=%EC%9D%B8%EA%B3%B5%EC%A7%80%EB%8A%A5&searchType=search&paid_fl=n&search_uuid=55eed242-fb04-4c11-b41b-188f71d6deb4
인공지능,(성수역) 학습 기반 휴머노이드 연구원 채용 공고(전문연구요원),(주)로브로스,"서울성동구경력무관대졸↑정규직·계약직7,000 만원","AI(인공지능),알고리즘,연구원,Pytorch,Tensorflow외수정일 24/11/28",N/A,https://www.saramin.co.kr/zf_user/jobs/relay/view?view_type=search&rec_idx=49388695&location=ts&searchword=%EC%9D%B8%EA%B3%B5%EC%A7%80%EB%8A%A5&searchType=search&paid_fl=n&search_uuid=55eed242-fb04-4c11-b41b-188f71d6deb4
인공지능,세종대학교 감정연구실 포닥/연구원/연구지원 채용,(주)인터메탑,"서울광진구경력무관대졸↑계약직7,000 만원","AI(인공지능),AI(인공지능),딥러닝,알고리즘,연구원외등록일 24/10/25",N/A,https://www.saramin.co.kr/zf_user/jobs/relay/view?view_type=search&rec_idx=49269622&location=ts&searchword=%EC%9D%B8%EA%B3%B5%EC%A7%80%EB%8A%A5&searchType=search&paid_fl=n&search_uuid=55eed242-fb04-4c11-b41b-188f71d6deb4
인공지능,의료 텍스트 자연어처리(NLP) 딥러닝 연구원(전문연구요원 가능),(주)테서,서울강남구경력무관대졸↑정규직·전문연구요원,"AI(인공지능),딥러닝,알고리즘,Python,머신러닝외수정일 24/11/02",N/A,https://www.saramin.co.kr/zf_user/jobs/relay/view?view_type=search&rec_idx=49117719&location=ts&searchword=%EC%9D%B8%EA%B3%B5%EC%A7%80%EB%8A%A5&searchType=search&paid_fl=n&search_uuid=55eed242-fb04-4c11-b41b-188f71d6deb4
인공지능,(주)에니트(서울연구소) 2024년 하반기 공개채용 (WEB개발경력),(주)에니트,서울금천구경력3년↑대졸↑정규직,"딥러닝,알고리즘,Python,솔루션,백엔드/서버개발외등록일 24/10/28",N/A,https://www.saramin.co.kr/zf_user/jobs/relay/view?view_type=search&rec_idx=49279641&location=ts&searchword=%EC%9D%B8%EA%B3%B5%EC%A7%80%EB%8A%A5&searchType=search&paid_fl=n&search_uuid=6488af3d-d722-408a-a269-9a1e6159d41e
인공지능,(주)티벨 개발연구소 내 개발자 채용,(주)티벨,서울전체경력 2~15년초대졸↑정규직,"Python,QA/테스터,S/W,트러블슈팅,플러그인외수정일 24/11/22",N/A,https://www.saramin.co.kr/zf_user/jobs/relay/view?view_type=search&rec_idx=49447713&location=ts&searchword=%EC%9D%B8%EA%B3%B5%EC%A7%80%EB%8A%A5&searchType=search&paid_fl=n&search_uuid=6488af3d-d722-408a-a269-9a1e6159d41e
인공지능,[전문연구원 가능] SoC Design Engineer,(주)모빌린트,서울전체신입·경력대졸↑정규직,"Python,C++,솔루션,웹개발,임베디드외등록일 24/11/05",N/A,https://www.saramin.co.kr/zf_user/jobs/relay/view?view_type=search&rec_idx=49337898&location=ts&searchword=%EC%9D%B8%EA%B3%B5%EC%A7%80%EB%8A%A5&searchType=search&paid_fl=n&search_uuid=106198cf-21ed-45c5-8089-69df615a1a4d
인공지능,[갤럭스/신약설계본부] 신약설계 연구원 모집,갤럭스(주),서울관악구경력무관대졸↑정규직,"연구원,병역특례,생명과학,의약·제약,바이오외수정일 24/11/25",N/A,https://www.saramin.co.kr/zf_user/jobs/relay/view?view_type=search&rec_idx=49298377&location=ts&searchword=%EC%9D%B8%EA%B3%B5%EC%A7%80%EB%8A%A5&searchType=search&paid_fl=n&search_uuid=106198cf-21ed-45c5-8089-69df615a1a4d
인공지능,"[기업부설연구소] 자사 웹/앱 플랫폼 개발팀장 [JAVA, SPRINGBOOT5+]",(주)아인잡,서울전체경력 7~17년대졸↑정규직,"Python,백엔드/서버개발,웹개발,프론트엔드,DBA외등록일 24/11/19",N/A,https://www.saramin.co.kr/zf_user/jobs/relay/view?view_type=search&rec_idx=49426230&location=ts&searchword=%EC%9D%B8%EA%B3%B5%EC%A7%80%EB%8A%A5&searchType=search&paid_fl=n&search_uuid=106198cf-21ed-45c5-8089-69df615a1a4d
인공지능,건강기능식품 제제개발 연구원,알고케어 주식회사,서울중구경력 3~10년대졸↑정규직,"연구원,R&D,제약/바이오,제제연구,제형연구외수정일 24/11/15",N/A,https://www.saramin.co.kr/zf_user/jobs/relay/view?view_type=search&rec_idx=49336388&location=ts&searchword=%EC%9D%B8%EA%B3%B5%EC%A7%80%EB%8A%A5&searchType=search&paid_fl=n&search_uuid=106198cf-21ed-45c5-8089-69df615a1a4d
인공지능,에너지연구원(선임급) 채용,(주)씨드앤,서울성동구신입·경력대졸↑정규직,"연구원,R&D,R&D기획,기술연구,기후변화외수정일 24/11/13",N/A,https://www.saramin.co.kr/zf_user/jobs/relay/view?view_type=search&rec_idx=49391646&location=ts&searchword=%EC%9D%B8%EA%B3%B5%EC%A7%80%EB%8A%A5&searchType=search&paid_fl=n&search_uuid=106198cf-21ed-45c5-8089-69df615a1a4d
인공지능,에너지 연구원 (선임급),(주)씨드앤,서울성동구경력무관대졸↑정규직,"연구원,R&D,R&D기획,기술연구,기후변화외수정일 24/11/25",N/A,https://www.saramin.co.kr/zf_user/jobs/relay/view?view_type=search&rec_idx=49460953&location=ts&searchword=%EC%9D%B8%EA%B3%B5%EC%A7%80%EB%8A%A5&searchType=search&paid_fl=n&search_uuid=106198cf-21ed-45c5-8089-69df615a1a4d
인공지능,인더스마트(주)  정규직 모집 공고 (시제품연구팀-전문연구요원),인더스마트(주),서울종로구신입·경력석사↑정규직,"Python,C++,H/W,S/W,병역특례외등록일 24/10/29",N/A,https://www.saramin.co.kr/zf_user/jobs/relay/view?view_type=search&rec_idx=49289993&location=ts&searchword=%EC%9D%B8%EA%B3%B5%EC%A7%80%EB%8A%A5&searchType=search&paid_fl=n&search_uuid=c70d17a3-b397-48a8-b54e-d557a6079479
인공지능,기술연구소 개발자 채용_Window 응용개발,(주)펨트론,서울전체신입·경력초대졸↑정규직,"C++,백엔드/서버개발,웹개발,퍼블리셔,프론트엔드외등록일 24/11/05",N/A,https://www.saramin.co.kr/zf_user/jobs/relay/view?view_type=search&rec_idx=49341319&location=ts&searchword=%EC%9D%B8%EA%B3%B5%EC%A7%80%EB%8A%A5&searchType=search&paid_fl=n&search_uuid=c70d17a3-b397-48a8-b54e-d557a6079479
인공지능,"기술연구소 개발자 채용_머신비전,알고리즘 영상처리개발",(주)펨트론,서울전체신입·경력초대졸↑정규직,"딥러닝,알고리즘,C++,머신러닝,빅데이터외등록일 24/11/05",N/A,https://www.saramin.co.kr/zf_user/jobs/relay/view?view_type=search&rec_idx=49341313&location=ts&searchword=%EC%9D%B8%EA%B3%B5%EC%A7%80%EB%8A%A5&searchType=search&paid_fl=n&search_uuid=c70d17a3-b397-48a8-b54e-d557a6079479
인공지능,[파이오링크] 연구소 분산스토리지 개발 담당자 모집,(주)파이오링크,서울금천구경력무관대졸↑정규직,"Python,C++,솔루션,빅데이터,GoLang외등록일 24/11/25",N/A,https://www.saramin.co.kr/zf_user/jobs/relay/view?view_type=search&rec_idx=49464161&location=ts&searchword=%EC%9D%B8%EA%B3%B5%EC%A7%80%EB%8A%A5&searchType=search&paid_fl=n&search_uuid=ed3f5f0b-6563-4104-8d84-19caa19003db
인공지능,[연구소] 솔루션 개발 및 유지보수 담당 인력 채용 (경력직),(주)트리플하이엠,서울금천구경력1년↑대졸↑정규직,"Python,솔루션,백엔드/서버개발,웹개발,유지보수외수정일 24/11/25",N/A,https://www.saramin.co.kr/zf_user/jobs/relay/view?view_type=search&rec_idx=49465068&location=ts&searchword=%EC%9D%B8%EA%B3%B5%EC%A7%80%EB%8A%A5&searchType=search&paid_fl=n&search_uuid=ed3f5f0b-6563-4104-8d84-19caa19003db
인공지능,(주)엠폴 R&D 연구소장 채용합니다.,(주)엠폴,서울강서구경력5년↑학력무관정규직,"Python,앱개발,웹개발,웹마스터,데이터시각화외등록일 24/11/19",N/A,https://www.saramin.co.kr/zf_user/jobs/relay/view?view_type=search&rec_idx=49425097&location=ts&searchword=%EC%9D%B8%EA%B3%B5%EC%A7%80%EB%8A%A5&searchType=search&paid_fl=n&search_uuid=f1527c22-29ae-48aa-8c6b-e505d0941039
인공지능,[네오바이오텍] 디지털R&D 연구기획팀 경력 채용 공고,(주)네오바이오텍,서울구로구경력3년↑대졸↑정규직,"R&D,치과위생사,치기공사,치과,R&D기획외수정일 24/11/18",N/A,https://www.saramin.co.kr/zf_user/jobs/relay/view?view_type=search&rec_idx=49421284&location=ts&searchword=%EC%9D%B8%EA%B3%B5%EC%A7%80%EB%8A%A5&searchType=search&paid_fl=n&search_uuid=f1527c22-29ae-48aa-8c6b-e505d0941039
인공지능,"[하드웨어[HW], FPGA] 기업부설연구소 HW 연구원 모집",(주)오버컴테크,서울전체신입·경력학력무관정규직,"임베디드,FPGA,H/W,임베디드리눅스,FPGA외등록일 24/11/04",N/A,https://www.saramin.co.kr/zf_user/jobs/relay/view?view_type=search&rec_idx=49331205&location=ts&searchword=%EC%9D%B8%EA%B3%B5%EC%A7%80%EB%8A%A5&searchType=search&paid_fl=n&search_uuid=f1527c22-29ae-48aa-8c6b-e505d0941039
인공지능,"연구개발(H/W, FPGA, RF) 사원",(주)서림테크놀로지,서울전체신입·경력학력무관정규직,"솔루션,임베디드,FPGA,H/W,임베디드리눅스외등록일 24/11/29",N/A,https://www.saramin.co.kr/zf_user/jobs/relay/view?view_type=search&rec_idx=49497086&location=ts&searchword=%EC%9D%B8%EA%B3%B5%EC%A7%80%EB%8A%A5&searchType=search&paid_fl=n&search_uuid=ea762c84-e1c4-4c6b-8609-9372fe1dfbeb
인공지능,소프트웨어 연구개발 (R&D) 7~8년 책임급 엔지니어 [외국계기업],센시리온오토모티브솔루션즈코리아(주),서울전체경력 7~8년대졸↑정규직,"Python,C++,솔루션,DBA,네트워크외등록일 24/11/27",N/A,https://www.saramin.co.kr/zf_user/jobs/relay/view?view_type=search&rec_idx=49481954&location=ts&searchword=%EC%9D%B8%EA%B3%B5%EC%A7%80%EB%8A%A5&searchType=search&paid_fl=n&search_uuid=a52fceb2-4107-464d-b5ef-820e243fa0e8
인공지능,소프트웨어 연구개발 (R&D) 8~9년 책임급 엔지니어 [외국계기업],센시리온오토모티브솔루션즈코리아(주),서울전체경력 8~9년대졸↑정규직,"Python,C++,솔루션,DBA,네트워크외등록일 24/11/27",N/A,https://www.saramin.co.kr/zf_user/jobs/relay/view?view_type=search&rec_idx=49481995&location=ts&searchword=%EC%9D%B8%EA%B3%B5%EC%A7%80%EB%8A%A5&searchType=search&paid_fl=n&search_uuid=a52fceb2-4107-464d-b5ef-820e243fa0e8
인공지능,소프트웨어 연구개발 (R&D) 6~7년 책임급 엔지니어 [외국계기업],센시리온오토모티브솔루션즈코리아(주),서울전체경력 6~7년대졸↑정규직,"Python,C++,솔루션,DBA,네트워크외등록일 24/11/27",N/A,https://www.saramin.co.kr/zf_user/jobs/relay/view?view_type=search&rec_idx=49481999&location=ts&searchword=%EC%9D%B8%EA%B3%B5%EC%A7%80%EB%8A%A5&searchType=search&paid_fl=n&search_uuid=a52fceb2-4107-464d-b5ef-820e243fa0e8
인공지능,[병원컨설팅 서울/대구] 병원경영 연구원 (신입/경력) 채용,(주)세마그룹,서울전체경력무관대졸↑정규직·계약직,"연구원,인사기획,병원경영,마케팅기획,통계/분석외수정일 24/11/20",N/A,https://www.saramin.co.kr/zf_user/jobs/relay/view?view_type=search&rec_idx=49404641&location=ts&searchword=%EC%9D%B8%EA%B3%B5%EC%A7%80%EB%8A%A5&searchType=search&paid_fl=n&search_uuid=a52fceb2-4107-464d-b5ef-820e243fa0e8
인공지능,(주)테라베스트 경영지원본부 총무 및 연구행정 부문 채용,(주)테라베스트,서울서초구경력대졸↑정규직,"제약QA,의료기기연구,제약/바이오,기계설계,의료기기외수정일 24/11/11",N/A,https://www.saramin.co.kr/zf_user/jobs/relay/view?view_type=search&rec_idx=49332633&location=ts&searchword=%EC%9D%B8%EA%B3%B5%EC%A7%80%EB%8A%A5&searchType=search&paid_fl=n&search_uuid=74f3e004-924c-4640-9ab7-0ff53703ee69
인공지능,클라비 기술연구소 Back-end 개발자 경력직 채용 공고,(주)클라비,서울송파구경력3년↑학력무관정규직,"Python,솔루션,백엔드/서버개발,클라우드,DevOps외등록일 24/11/27",N/A,https://www.saramin.co.kr/zf_user/jobs/relay/view?view_type=search&rec_idx=49483028&location=ts&searchword=%EC%9D%B8%EA%B3%B5%EC%A7%80%EB%8A%A5&searchType=search&paid_fl=n&search_uuid=71a169ad-119e-4289-b4be-d20189b0e7b5
인공지능,[더웨이브톡] 기구설계 및 생산기술 연구원,(주)더웨이브톡,서울성동구신입·경력초대졸↑정규직,"연구원,기술연구,기구설계,생산기술,AutoCAD외수정일 24/11/14",N/A,https://www.saramin.co.kr/zf_user/jobs/relay/view?view_type=search&rec_idx=49379203&location=ts&searchword=%EC%9D%B8%EA%B3%B5%EC%A7%80%EB%8A%A5&searchType=search&paid_fl=n&search_uuid=71a169ad-119e-4289-b4be-d20189b0e7b5
인공지능,연구소 풀스텍 개발(java),프라이빗테크놀로지(주),서울전체경력 4~10년학력무관정규직,"백엔드/서버개발,웹개발,퍼블리셔,프론트엔드,DBA외수정일 24/11/26",N/A,https://www.saramin.co.kr/zf_user/jobs/relay/view?view_type=search&rec_idx=49386313&location=ts&searchword=%EC%9D%B8%EA%B3%B5%EC%A7%80%EB%8A%A5&searchType=search&paid_fl=n&search_uuid=71a169ad-119e-4289-b4be-d20189b0e7b5
인공지능,수자원분야(수자원분석팀/ 기업부설연구원)  신입 모집,(주)와이즈플러스,"서울금천구신입대졸↑정규직4,000 만원","R&D,수자원설계,토목회사수정일 24/11/19",N/A,https://www.saramin.co.kr/zf_user/jobs/relay/view?view_type=search&rec_idx=49417530&location=ts&searchword=%EC%9D%B8%EA%B3%B5%EC%A7%80%EB%8A%A5&searchType=search&paid_fl=n&search_uuid=71a169ad-119e-4289-b4be-d20189b0e7b5
인공지능,기술연구소 직무별 공개 채용,곳간로지스(주),서울관악구경력 3~15년학력무관정규직,"백엔드/서버개발,웹개발,SE(시스템엔지니어),AWS,Java외등록일 24/11/27",N/A,https://www.saramin.co.kr/zf_user/jobs/relay/view?view_type=search&rec_idx=49480818&location=ts&searchword=%EC%9D%B8%EA%B3%B5%EC%A7%80%EB%8A%A5&searchType=search&paid_fl=n&search_uuid=a754b703-06cf-4181-95bc-fb3708fe632b
인공지능,아워홈 면 연구&개발 담당자,(주)아워홈,서울강서구경력5년↑대졸↑정규직,"R&D,R&D기획,식품연구,음식료,식품·푸드외수정일 24/11/21",N/A,https://www.saramin.co.kr/zf_user/jobs/relay/view?view_type=search&rec_idx=49278158&location=ts&searchword=%EC%9D%B8%EA%B3%B5%EC%A7%80%EB%8A%A5&searchType=search&paid_fl=n&search_uuid=a754b703-06cf-4181-95bc-fb3708fe632b
인공지능,[스타트업] 식물성 단백질 R&D 연구원 경력직 채용,어반랩스(주),서울강남구경력3년↑석사↑정규직,"연구원,R&D,R&D기획,기술연구,기후변화외등록일 24/11/14",N/A,https://www.saramin.co.kr/zf_user/jobs/relay/view?view_type=search&rec_idx=49402208&location=ts&searchword=%EC%9D%B8%EA%B3%B5%EC%A7%80%EB%8A%A5&searchType=search&paid_fl=n&search_uuid=3473d0c3-f770-466c-85ac-73c40294109a
인공지능,Data Platform Engineer(전문연구요원),(주) 원프레딕트,서울강남구경력무관석사↑정규직,"딥러닝,Python,데이터분석가,데이터엔지니어,데이터라벨링외수정일 24/11/18",N/A,https://www.saramin.co.kr/zf_user/jobs/relay/view?view_type=search&rec_idx=49420075&location=ts&searchword=%EC%9D%B8%EA%B3%B5%EC%A7%80%EB%8A%A5&searchType=search&paid_fl=n&search_uuid=3473d0c3-f770-466c-85ac-73c40294109a
인공지능,"사업기획(연구과제) 및 기술 영업 활동(SI, SM) 정규직 모집",(주)넥스트코어테크놀로지,서울송파구경력 3~15년대졸↑정규직,"마케팅기획,사업기획,사업관리,자료조사,기획외등록일 24/11/28",N/A,https://www.saramin.co.kr/zf_user/jobs/relay/view?view_type=search&rec_idx=49487441&location=ts&searchword=%EC%9D%B8%EA%B3%B5%EC%A7%80%EB%8A%A5&searchType=search&paid_fl=n&search_uuid=1e63e727-d63d-48f0-a7e5-10e3a060cd4e
인공지능,[이차전지스타트업] H/W 연구개발자 모집 (업계최고대우),언브릿지(주),서울전체경력무관대졸↑정규직,"기구설계,회로설계,전기제어,전자제어,AutoCAD외등록일 24/10/24",N/A,https://www.saramin.co.kr/zf_user/jobs/relay/view?view_type=search&rec_idx=49263326&location=ts&searchword=%EC%9D%B8%EA%B3%B5%EC%A7%80%EB%8A%A5&searchType=search&paid_fl=n&search_uuid=cefb9064-cf98-49ff-9ecf-db645d65838a
인공지능,리서치 연구원 채용,(주)허니냅스,서울강남구신입·경력대졸↑정규직,"사무보조,서류관리,자료조사,Excel,의료기기등록일 24/11/01",N/A,https://www.saramin.co.kr/zf_user/jobs/relay/view?view_type=search&rec_idx=49316788&location=ts&searchword=%EC%9D%B8%EA%B3%B5%EC%A7%80%EB%8A%A5&searchType=search&paid_fl=n&search_uuid=c1f4acbb-5137-4428-b4cd-1716eb287826
인공지능,3D data 가공 작업자/연구원 모집공고 (CAD/3D 설계 및 디자인),(주)빛날덴탈스튜디오,"서울전체경력무관학력무관정규직3,000 만원","치기공사,CAM,무대디자인,완구디자인,2D디자인외등록일 24/11/15",N/A,https://www.saramin.co.kr/zf_user/jobs/relay/view?view_type=search&rec_idx=49412771&location=ts&searchword=%EC%9D%B8%EA%B3%B5%EC%A7%80%EB%8A%A5&searchType=search&paid_fl=n&search_uuid=c1f4acbb-5137-4428-b4cd-1716eb287826
인공지능,콘텐츠 디자이너,(주)모두의연구소,서울강남구경력 3~10년초대졸↑정규직,"광고디자인,그래픽디자인,콘텐츠디자인,UI/UX디자인,PhotoShop외등록일 24/11/28",N/A,https://www.saramin.co.kr/zf_user/jobs/relay/view?view_type=search&rec_idx=49491266&location=ts&searchword=%EC%9D%B8%EA%B3%B5%EC%A7%80%EB%8A%A5&searchType=search&paid_fl=n&search_uuid=c1f4acbb-5137-4428-b4cd-1716eb287826
인공지능,(주)오썸피아 기구 설계 및 개발 연구원 채용 공고 (신입/경력),(주)오썸피아,서울강남구경력무관고졸↑정규직,"기구설계,3D설계,조립,기계설계,소프트웨어개발등록일 24/11/19",N/A,https://www.saramin.co.kr/zf_user/jobs/relay/view?view_type=search&rec_idx=49431694&location=ts&searchword=%EC%9D%B8%EA%B3%B5%EC%A7%80%EB%8A%A5&searchType=search&paid_fl=n&search_uuid=52febcbf-1688-4bdc-8496-ff800182d396
인공지능,[연구개발본부] 데이터 분석 엔진 개발 경력 정규직 채용 (6년 ↑),(주)이글루코퍼레이션,서울전체경력 6~10년초대졸↑정규직,"AI(인공지능),딥러닝,알고리즘,머신러닝,빅데이터외등록일 24/11/06",N/A,https://www.saramin.co.kr/zf_user/jobs/relay/view?view_type=search&rec_idx=49345544&location=ts&searchword=%EC%9D%B8%EA%B3%B5%EC%A7%80%EB%8A%A5&searchType=search&paid_fl=n&search_uuid=32a9fe4a-015c-4cc5-aedf-d42f075b4c71
인공지능,ML Researcher (머신러닝 연구원) 경력 채용,(주)메이아이,서울전체신입·경력학력무관정규직,"AI(인공지능),딥러닝,알고리즘,머신러닝,빅데이터외수정일 24/11/28",N/A,https://www.saramin.co.kr/zf_user/jobs/relay/view?view_type=search&rec_idx=49487996&location=ts&searchword=%EC%9D%B8%EA%B3%B5%EC%A7%80%EB%8A%A5&searchType=search&paid_fl=n&search_uuid=32a9fe4a-015c-4cc5-aedf-d42f075b4c71
인공지능,[전문연구요원 가능] Deep Learning Optimization Engineer,(주)모빌린트,서울전체신입·경력석사↑정규직,"AI(인공지능),딥러닝,알고리즘,Python,C++외등록일 24/11/05",N/A,https://www.saramin.co.kr/zf_user/jobs/relay/view?view_type=search&rec_idx=49337494&location=ts&searchword=%EC%9D%B8%EA%B3%B5%EC%A7%80%EB%8A%A5&searchType=search&paid_fl=n&search_uuid=32a9fe4a-015c-4cc5-aedf-d42f075b4c71
인공지능,Research Scientist (전문연구요원 가능) (3년~4년),(주)메디픽셀,서울전체경력 3~4년석사↑정규직,"AI(인공지능),딥러닝,알고리즘,Python,머신러닝외등록일 24/11/04",N/A,https://www.saramin.co.kr/zf_user/jobs/relay/view?view_type=search&rec_idx=49329697&location=ts&searchword=%EC%9D%B8%EA%B3%B5%EC%A7%80%EB%8A%A5&searchType=search&paid_fl=n&search_uuid=32a9fe4a-015c-4cc5-aedf-d42f075b4c71
인공지능,Research Scientist (전문연구요원 가능) (2년~3년),(주)메디픽셀,서울전체경력 2~3년석사↑정규직,"AI(인공지능),딥러닝,알고리즘,Python,머신러닝외등록일 24/11/04",N/A,https://www.saramin.co.kr/zf_user/jobs/relay/view?view_type=search&rec_idx=49328204&location=ts&searchword=%EC%9D%B8%EA%B3%B5%EC%A7%80%EB%8A%A5&searchType=search&paid_fl=n&search_uuid=9daaf057-e023-4b9a-a948-472537ecd01d
인공지능,[노르마] 양자컴퓨팅 연구원 채용(신입 및 경력),(주)노르마,서울성동구경력무관대졸↑정규직,"AI(인공지능),알고리즘,Python,머신러닝,솔루션외수정일 24/11/28",N/A,https://www.saramin.co.kr/zf_user/jobs/relay/view?view_type=search&rec_idx=49287058&location=ts&searchword=%EC%9D%B8%EA%B3%B5%EC%A7%80%EB%8A%A5&searchType=search&paid_fl=n&search_uuid=9daaf057-e023-4b9a-a948-472537ecd01d
인공지능,박사후연구원 채용 - 머신/딥러닝 기반 의료영상/신호처리(EEG),서울대학교병원,서울종로구경력2년↑박사계약직,"AI(인공지능),딥러닝,Python,머신러닝,종합병원등록일 24/10/21",N/A,https://www.saramin.co.kr/zf_user/jobs/relay/view?view_type=search&rec_idx=49233440&location=ts&searchword=%EC%9D%B8%EA%B3%B5%EC%A7%80%EB%8A%A5&searchType=search&paid_fl=n&search_uuid=9daaf057-e023-4b9a-a948-472537ecd01d
인공지능,선행기술팀 연구개발자 모집,(주)포딕스시스템,서울구로구경력2년↑석사↑정규직,"AI(인공지능),딥러닝,연구원,R&D,기술연구외등록일 24/11/26",N/A,https://www.saramin.co.kr/zf_user/jobs/relay/view?view_type=search&rec_idx=49473327&location=ts&searchword=%EC%9D%B8%EA%B3%B5%EC%A7%80%EB%8A%A5&searchType=search&paid_fl=n&search_uuid=9daaf057-e023-4b9a-a948-472537ecd01d
인공지능,Python 개발 연구원 채용,(주)엑스오비스,서울전체경력 2~5년대졸↑정규직,"AI(인공지능),딥러닝,Python,머신러닝,솔루션외등록일 24/11/12",N/A,https://www.saramin.co.kr/zf_user/jobs/relay/view?view_type=search&rec_idx=49387510&location=ts&searchword=%EC%9D%B8%EA%B3%B5%EC%A7%80%EB%8A%A5&searchType=search&paid_fl=n&search_uuid=9daaf057-e023-4b9a-a948-472537ecd01d
인공지능,[ 데이터 솔루션  개발업체] 연구개발(JAVA)4년이상,(주)휴먼트리월드와이드,서울마포구경력 4~12년대졸↑정규직,"AI(인공지능),딥러닝,머신러닝,솔루션,빅데이터외등록일 24/11/29",N/A,https://www.saramin.co.kr/zf_user/jobs/relay/view?view_type=search&rec_idx=49494436&location=ts&searchword=%EC%9D%B8%EA%B3%B5%EC%A7%80%EB%8A%A5&searchType=search&paid_fl=n&search_uuid=c2ae40f2-c4a7-43db-94d1-61240913e96c
인공지능,정부용역제안(연구관리) 담당자,(주)오츠,서울금천구경력무관학력무관정규직,"AI(인공지능),R&D,R&D기획,기술연구,정책연구외수정일 24/11/01",N/A,https://www.saramin.co.kr/zf_user/jobs/relay/view?view_type=search&rec_idx=49217617&location=ts&searchword=%EC%9D%B8%EA%B3%B5%EC%A7%80%EB%8A%A5&searchType=search&paid_fl=n&search_uuid=73e43f2c-bf43-4271-a1a0-de0b1c9e3772
인공지능,연구개발/관리 신규/경력 채용 공고(계약직 후 정규직 전환가능),제이투켐(주),서울성동구신입·경력대졸↑정규직·무기계약직,"AI(인공지능),머신러닝,빅데이터,유기합성,자동제어외등록일 24/10/02",N/A,https://www.saramin.co.kr/zf_user/jobs/relay/view?view_type=search&rec_idx=49121187&location=ts&searchword=%EC%9D%B8%EA%B3%B5%EC%A7%80%EB%8A%A5&searchType=search&paid_fl=n&search_uuid=73e43f2c-bf43-4271-a1a0-de0b1c9e3772
인공지능,[딥파인] 연구소장,(주)딥파인,서울용산구경력10년↑대졸↑정규직,"AI(인공지능),솔루션,컴퓨터비전,클라우드,AR(증강현실)외등록일 24/11/05",N/A,https://www.saramin.co.kr/zf_user/jobs/relay/view?view_type=search&rec_idx=49340079&location=ts&searchword=%EC%9D%B8%EA%B3%B5%EC%A7%80%EB%8A%A5&searchType=search&paid_fl=n&search_uuid=73e43f2c-bf43-4271-a1a0-de0b1c9e3772
인공지능,[전문연구요원] Visual SLAM (vSLAM) 개발자,(주)딥파인,서울용산구경력무관석사↑전문연구요원·병역특례,"AI(인공지능),AI(인공지능),알고리즘,Python,C++외수정일 24/11/27",N/A,https://www.saramin.co.kr/zf_user/jobs/relay/view?view_type=search&rec_idx=49477676&location=ts&searchword=%EC%9D%B8%EA%B3%B5%EC%A7%80%EB%8A%A5&searchType=search&paid_fl=n&search_uuid=73e43f2c-bf43-4271-a1a0-de0b1c9e3772
인공지능,(석사 병역특례 ) 전문연구요원을 채용합니다.,주식회사 아이오시스,서울성동구경력무관석사↑정규직,"AI(인공지능),딥러닝,머신러닝,빅데이터,소프트웨어개발등록일 24/11/06",N/A,https://www.saramin.co.kr/zf_user/jobs/relay/view?view_type=search&rec_idx=49345436&location=ts&searchword=%EC%9D%B8%EA%B3%B5%EC%A7%80%EB%8A%A5&searchType=search&paid_fl=n&search_uuid=73e43f2c-bf43-4271-a1a0-de0b1c9e3772
인공지능,[연구개발본부] QA 엔지니어 경력 정규직 채용 (7년 ↑),(주)이글루코퍼레이션,서울전체경력 7~10년초대졸↑정규직,"솔루션,QA/테스터,SE(시스템엔지니어),Linux,기술지원외등록일 24/11/06",N/A,https://www.saramin.co.kr/zf_user/jobs/relay/view?view_type=search&rec_idx=49345526&location=ts&searchword=%EC%9D%B8%EA%B3%B5%EC%A7%80%EB%8A%A5&searchType=search&paid_fl=n&search_uuid=c61fa811-4277-42eb-a7d8-413e162d8ee3
인공지능,[연구개발본부] 클라우드 개발 경력 정규직 채용 (6년 ↑),(주)이글루코퍼레이션,서울전체경력 6~10년초대졸↑정규직,"딥러닝,Python,머신러닝,백엔드/서버개발,웹개발외등록일 24/11/06",N/A,https://www.saramin.co.kr/zf_user/jobs/relay/view?view_type=search&rec_idx=49345534&location=ts&searchword=%EC%9D%B8%EA%B3%B5%EC%A7%80%EB%8A%A5&searchType=search&paid_fl=n&search_uuid=c61fa811-4277-42eb-a7d8-413e162d8ee3
인공지능,[연구개발본부] 정보보호제품보안인증 경력 채용 ( 2년↑),(주)이글루코퍼레이션,서울전체경력 2~6년초대졸↑정규직,"QA/테스터,SE(시스템엔지니어),Linux,보안컨설팅,보안관제외등록일 24/11/06",N/A,https://www.saramin.co.kr/zf_user/jobs/relay/view?view_type=search&rec_idx=49345522&location=ts&searchword=%EC%9D%B8%EA%B3%B5%EC%A7%80%EB%8A%A5&searchType=search&paid_fl=n&search_uuid=c61fa811-4277-42eb-a7d8-413e162d8ee3
인공지능,(주)NSHC 위협분석 연구소(ThreatRecon) 경력 개발자 채용,(주)엔에스에이치씨,서울금천구경력4년↑대졸↑정규직,"Python,백엔드/서버개발,웹개발,웹마스터,프론트엔드외등록일 24/10/14",N/A,https://www.saramin.co.kr/zf_user/jobs/relay/view?view_type=search&rec_idx=49189574&location=ts&searchword=%EC%9D%B8%EA%B3%B5%EC%A7%80%EB%8A%A5&searchType=search&paid_fl=n&search_uuid=c61fa811-4277-42eb-a7d8-413e162d8ee3
인공지능,(주)에니트(서울연구소) 하반기 공개채용 (솔루션 SW개발),(주)에니트,서울금천구경력3년↑대졸↑정규직,"딥러닝,알고리즘,Python,C++,솔루션외등록일 24/10/28",N/A,https://www.saramin.co.kr/zf_user/jobs/relay/view?view_type=search&rec_idx=49279736&location=ts&searchword=%EC%9D%B8%EA%B3%B5%EC%A7%80%EB%8A%A5&searchType=search&paid_fl=n&search_uuid=c61fa811-4277-42eb-a7d8-413e162d8ee3
인공지능,[기술연구소] 보안 관제 탐지 룰셋 & 플레이북 담당자 구함,(주)시큐레이어,서울성동구경력 1~7년학력무관정규직,"빅데이터,데이터분석가,정보보안,IT컨설팅,데이터라벨링외수정일 24/11/14",N/A,https://www.saramin.co.kr/zf_user/jobs/relay/view?view_type=search&rec_idx=49306397&location=ts&searchword=%EC%9D%B8%EA%B3%B5%EC%A7%80%EB%8A%A5&searchType=search&paid_fl=n&search_uuid=f47a46d2-3820-47ed-8ca0-0a5a4cb433e8
인공지능,[미소정보기술] 기술연구소 플랫폼 및 솔루션 개발자 모집,(주)미소정보기술,서울강남구경력 2~10년초대졸↑정규직,"솔루션,빅데이터,Java,Javascript,JSP외수정일 24/11/19",N/A,https://www.saramin.co.kr/zf_user/jobs/relay/view?view_type=search&rec_idx=49429668&location=ts&searchword=%EC%9D%B8%EA%B3%B5%EC%A7%80%EB%8A%A5&searchType=search&paid_fl=n&search_uuid=f47a46d2-3820-47ed-8ca0-0a5a4cb433e8
인공지능,[전문연구요원 가능] NPU Compiler Engineer,(주)모빌린트,서울전체신입·경력석사↑정규직,"딥러닝,알고리즘,Python,C++,머신러닝외등록일 24/11/05",N/A,https://www.saramin.co.kr/zf_user/jobs/relay/view?view_type=search&rec_idx=49337485&location=ts&searchword=%EC%9D%B8%EA%B3%B5%EC%A7%80%EB%8A%A5&searchType=search&paid_fl=n&search_uuid=f47a46d2-3820-47ed-8ca0-0a5a4cb433e8
인공지능,[전문연구요원가능] System Software Engineer,(주)모빌린트,서울전체경력 5~20년대졸↑정규직,"딥러닝,C++,솔루션,SE(시스템엔지니어),임베디드외등록일 24/11/05",N/A,https://www.saramin.co.kr/zf_user/jobs/relay/view?view_type=search&rec_idx=49337520&location=ts&searchword=%EC%9D%B8%EA%B3%B5%EC%A7%80%EB%8A%A5&searchType=search&paid_fl=n&search_uuid=f47a46d2-3820-47ed-8ca0-0a5a4cb433e8
인공지능,컴퓨터비전 분야 연구/개발자,(주)어반데이터랩,서울전체경력 3~6년대졸↑정규직,"딥러닝,Python,C++,머신러닝,솔루션외등록일 24/11/05",N/A,https://www.saramin.co.kr/zf_user/jobs/relay/view?view_type=search&rec_idx=49340992&location=ts&searchword=%EC%9D%B8%EA%B3%B5%EC%A7%80%EB%8A%A5&searchType=search&paid_fl=n&search_uuid=b83fdd6a-dd77-4a52-9156-91c5926315f1
인공지능,Cloud Software Back-end Engineer - 전문연구요원 가능,이마고웍스(주),서울전체경력 3~7년대졸↑정규직,"솔루션,백엔드/서버개발,웹개발,프론트엔드,DBA외등록일 24/11/19",N/A,https://www.saramin.co.kr/zf_user/jobs/relay/view?view_type=search&rec_idx=49430985&location=ts&searchword=%EC%9D%B8%EA%B3%B5%EC%A7%80%EB%8A%A5&searchType=search&paid_fl=n&search_uuid=b83fdd6a-dd77-4a52-9156-91c5926315f1
인공지능,[가전 제조 대기업] 연구소 온디바이스 sLLM R&D (대리~과장),HR Tube,경기성남시 분당구경력 4~10년대졸↑정규직,"딥러닝,Python,머신러닝,자율주행,S/W외등록일 24/11/29",N/A,https://www.saramin.co.kr/zf_user/jobs/relay/view?view_type=search&rec_idx=49492007&location=ts&searchword=%EC%9D%B8%EA%B3%B5%EC%A7%80%EB%8A%A5&searchType=search&paid_fl=n&search_uuid=b83fdd6a-dd77-4a52-9156-91c5926315f1
인공지능,(전문연구요원 가능) Runtime 소프트웨어 엔지니어,(주)에너자이,서울강남구경력무관학력무관정규직,"딥러닝,알고리즘,Python,C++,솔루션외등록일 24/11/20",N/A,https://www.saramin.co.kr/zf_user/jobs/relay/view?view_type=search&rec_idx=49440558&location=ts&searchword=%EC%9D%B8%EA%B3%B5%EC%A7%80%EB%8A%A5&searchType=search&paid_fl=n&search_uuid=2bd7a83c-e6fc-43e6-905a-705c166cc19a
인공지능,기술연구소 개발자 채용_자동화설비 PC모션제어,(주)펨트론,서울전체신입·경력초대졸↑정규직,"C++,QA/테스터,.NET,C#,C언어외등록일 24/11/05",N/A,https://www.saramin.co.kr/zf_user/jobs/relay/view?view_type=search&rec_idx=49341322&location=ts&searchword=%EC%9D%B8%EA%B3%B5%EC%A7%80%EB%8A%A5&searchType=search&paid_fl=n&search_uuid=2bd7a83c-e6fc-43e6-905a-705c166cc19a
인공지능,[대구연구소] 반도체 RTL Engineer (경력직),(주)칩스앤미디어,서울전체경력 5~16년대졸↑정규직,"Python,C++,SE(시스템엔지니어),임베디드,FPGA외수정일 24/11/15",N/A,https://www.saramin.co.kr/zf_user/jobs/relay/view?view_type=search&rec_idx=49408203&location=ts&searchword=%EC%9D%B8%EA%B3%B5%EC%A7%80%EB%8A%A5&searchType=search&paid_fl=n&search_uuid=2bd7a83c-e6fc-43e6-905a-705c166cc19a
인공지능,NPU HW Engineer(전문연구요원),(주)칩스앤미디어,서울강남구신입·경력석사↑정규직·전문연구요원,"딥러닝,알고리즘,머신러닝,임베디드,H/W외수정일 24/11/22",N/A,https://www.saramin.co.kr/zf_user/jobs/relay/view?view_type=search&rec_idx=49455124&location=ts&searchword=%EC%9D%B8%EA%B3%B5%EC%A7%80%EB%8A%A5&searchType=search&paid_fl=n&search_uuid=2bd7a83c-e6fc-43e6-905a-705c166cc19a
인공지능,"[코스닥상장사] 전문연구요원(병역특례)모집 Linux,Python,C",(주)파이오링크,서울금천구경력무관석사↑정규직·전문연구요원,"Python,C++,솔루션,빅데이터,S/W외등록일 24/11/20",N/A,https://www.saramin.co.kr/zf_user/jobs/relay/view?view_type=search&rec_idx=49434190&location=ts&searchword=%EC%9D%B8%EA%B3%B5%EC%A7%80%EB%8A%A5&searchType=search&paid_fl=n&search_uuid=0399cec6-b2af-4785-a4fa-e4666c453a70
인공지능,연구소 서버개발팀 모바일 개발자(경력),(주)사이버다임,서울전체경력 5~15년초대졸↑정규직,"솔루션,빅데이터,앱개발,웹개발,프론트엔드외등록일 24/11/01",N/A,https://www.saramin.co.kr/zf_user/jobs/relay/view?view_type=search&rec_idx=49315910&location=ts&searchword=%EC%9D%B8%EA%B3%B5%EC%A7%80%EB%8A%A5&searchType=search&paid_fl=n&search_uuid=0399cec6-b2af-4785-a4fa-e4666c453a70
인공지능,HW Engineer (전문연구요원),(주)칩스앤미디어,서울전체신입·경력석사↑정규직,"Python,C++,임베디드,FPGA,H/W외수정일 24/11/21",N/A,https://www.saramin.co.kr/zf_user/jobs/relay/view?view_type=search&rec_idx=49348435&location=ts&searchword=%EC%9D%B8%EA%B3%B5%EC%A7%80%EB%8A%A5&searchType=search&paid_fl=n&search_uuid=5332b535-2b20-4de3-a5e6-b9b0d7df3ee7
인공지능,Python 개발 연구원 채용,(주)엑스오비스,서울강남구경력2년↑대졸↑정규직,"Python,솔루션,S/W,Pytorch,Tensorflow외등록일 24/10/15",N/A,https://www.saramin.co.kr/zf_user/jobs/relay/view?view_type=search&rec_idx=49200418&location=ts&searchword=%EC%9D%B8%EA%B3%B5%EC%A7%80%EB%8A%A5&searchType=search&paid_fl=n&search_uuid=5332b535-2b20-4de3-a5e6-b9b0d7df3ee7
인공지능,"NVR, VMS 관련 SW 연구개발 경력 모집",(주)포소드,서울전체경력 4~20년초대졸↑정규직,"C++,S/W,C언어,S/W,제조외등록일 24/11/06",N/A,https://www.saramin.co.kr/zf_user/jobs/relay/view?view_type=search&rec_idx=49345705&location=ts&searchword=%EC%9D%B8%EA%B3%B5%EC%A7%80%EB%8A%A5&searchType=search&paid_fl=n&search_uuid=5332b535-2b20-4de3-a5e6-b9b0d7df3ee7
인공지능,[SW] 기업부설연구소 SW 연구원 모집,(주)오버컴테크,서울전체신입·경력학력무관정규직,"임베디드,펌웨어,RTOS,S/W,펌웨어외등록일 24/11/04",N/A,https://www.saramin.co.kr/zf_user/jobs/relay/view?view_type=search&rec_idx=49331212&location=ts&searchword=%EC%9D%B8%EA%B3%B5%EC%A7%80%EB%8A%A5&searchType=search&paid_fl=n&search_uuid=5332b535-2b20-4de3-a5e6-b9b0d7df3ee7
인공지능,3D Scan Engineer 경력 채용,(주)디오에프연구소,서울전체경력 3~15년대졸↑정규직,"알고리즘,Python,C++,머신러닝,솔루션외등록일 24/11/07",N/A,https://www.saramin.co.kr/zf_user/jobs/relay/view?view_type=search&rec_idx=49358762&location=ts&searchword=%EC%9D%B8%EA%B3%B5%EC%A7%80%EB%8A%A5&searchType=search&paid_fl=n&search_uuid=b7dd5004-9e85-4ade-b280-4cbdbf02d6d7
인공지능,3D Geometry SW Engineer 경력 채용,(주)디오에프연구소,서울전체경력 1~15년대졸↑정규직,"알고리즘,C++,솔루션,S/W,C언어외등록일 24/11/07",N/A,https://www.saramin.co.kr/zf_user/jobs/relay/view?view_type=search&rec_idx=49358765&location=ts&searchword=%EC%9D%B8%EA%B3%B5%EC%A7%80%EB%8A%A5&searchType=search&paid_fl=n&search_uuid=b7dd5004-9e85-4ade-b280-4cbdbf02d6d7
인공지능,[(주)스탠스] 기업부설연구소 인프라서비스개발팀 팀원급 모집,(주)스탠스,서울노원구경력 5~15년대졸↑정규직,"솔루션,웹개발,프론트엔드,클라우드,API외등록일 24/10/02",N/A,https://www.saramin.co.kr/zf_user/jobs/relay/view?view_type=search&rec_idx=49118532&location=ts&searchword=%EC%9D%B8%EA%B3%B5%EC%A7%80%EB%8A%A5&searchType=search&paid_fl=n&search_uuid=b7dd5004-9e85-4ade-b280-4cbdbf02d6d7
인공지능,의료기기 임상연구원 모집,시너지파트너즈(주),서울서초구경력1년↑대졸↑정규직,"의료기기연구,임상시험,헤드헌팅등록일 24/11/27",N/A,https://www.saramin.co.kr/zf_user/jobs/relay/view?view_type=search&rec_idx=49481863&location=ts&searchword=%EC%9D%B8%EA%B3%B5%EC%A7%80%EB%8A%A5&searchType=search&paid_fl=n&search_uuid=36ecafad-f805-4d4f-8929-333879a7d83f
인공지능,[모핑아이] 로봇 기획/개발 연구원 채용 공고 (경력/신입),(주)모핑아이,서울영등포구신입·경력대졸↑정규직,"연구원,R&D,로봇엔지니어,R&D기획,기술연구외수정일 24/10/11",N/A,https://www.saramin.co.kr/zf_user/jobs/relay/view?view_type=search&rec_idx=49178598&location=ts&searchword=%EC%9D%B8%EA%B3%B5%EC%A7%80%EB%8A%A5&searchType=search&paid_fl=n&search_uuid=36ecafad-f805-4d4f-8929-333879a7d83f
인공지능,영상처리 소프트웨어 개발 연구원 채용 - 전문연구요원 가능,에이아이메딕(주),서울강남구경력무관대졸↑정규직·전문연구요원,"알고리즘,Python,C++,Windows,C언어외등록일 24/11/08",N/A,https://www.saramin.co.kr/zf_user/jobs/relay/view?view_type=search&rec_idx=49365703&location=ts&searchword=%EC%9D%B8%EA%B3%B5%EC%A7%80%EB%8A%A5&searchType=search&paid_fl=n&search_uuid=39d84e28-62dd-4c31-af2e-15e3a1ec0ce3
인공지능,클라비 기술연구소 기술지원팀 경력직 모집,(주)클라비,서울송파구경력5년↑학력무관정규직,"Python,솔루션,기술지원,SE(시스템엔지니어),인프라외수정일 24/11/27",N/A,https://www.saramin.co.kr/zf_user/jobs/relay/view?view_type=search&rec_idx=49404671&location=ts&searchword=%EC%9D%B8%EA%B3%B5%EC%A7%80%EB%8A%A5&searchType=search&paid_fl=n&search_uuid=39d84e28-62dd-4c31-af2e-15e3a1ec0ce3
인공지능,[경력] 영상처리 및 rPPG 연구개발 석박사 모집,(주)바이오커넥트,서울전체경력 1~5년석사↑정규직,"딥러닝,알고리즘,Python,머신러닝,빅데이터외등록일 24/11/29",N/A,https://www.saramin.co.kr/zf_user/jobs/relay/view?view_type=search&rec_idx=49498777&location=ts&searchword=%EC%9D%B8%EA%B3%B5%EC%A7%80%EB%8A%A5&searchType=search&paid_fl=n&search_uuid=f1165959-82ab-41ac-b7aa-873bf8f3a1b5
인공지능,[신입] 영상처리 및 rPPG 연구개발 석박사 모집,(주)바이오커넥트,서울전체신입·경력석사↑정규직,"딥러닝,알고리즘,Python,머신러닝,빅데이터외등록일 24/11/29",N/A,https://www.saramin.co.kr/zf_user/jobs/relay/view?view_type=search&rec_idx=49498785&location=ts&searchword=%EC%9D%B8%EA%B3%B5%EC%A7%80%EB%8A%A5&searchType=search&paid_fl=n&search_uuid=f1165959-82ab-41ac-b7aa-873bf8f3a1b5
인공지능,[기업부설연구소] DX 솔루션 펌웨어(F/W) 개발 엔지니어,에스디티(주),서울전체경력 2~10년초대졸↑정규직,"C++,솔루션,임베디드,펌웨어,H/W외등록일 24/11/04",N/A,https://www.saramin.co.kr/zf_user/jobs/relay/view?view_type=search&rec_idx=49333381&location=ts&searchword=%EC%9D%B8%EA%B3%B5%EC%A7%80%EB%8A%A5&searchType=search&paid_fl=n&search_uuid=f1165959-82ab-41ac-b7aa-873bf8f3a1b5
인공지능,[기업부설연구소] 제어계측장비 소프트웨어 엔지니어,에스디티(주),서울전체경력 3~10년초대졸↑정규직,"Python,C++,백엔드/서버개발,앱개발,웹개발외등록일 24/11/11",N/A,https://www.saramin.co.kr/zf_user/jobs/relay/view?view_type=search&rec_idx=49376989&location=ts&searchword=%EC%9D%B8%EA%B3%B5%EC%A7%80%EB%8A%A5&searchType=search&paid_fl=n&search_uuid=f1165959-82ab-41ac-b7aa-873bf8f3a1b5
인공지능,[기업부설연구소] DX 솔루션 하드웨어 개발 엔지니어,에스디티(주),서울전체경력 2~10년초대졸↑정규직,"C++,솔루션,임베디드,펌웨어,H/W외등록일 24/11/11",N/A,https://www.saramin.co.kr/zf_user/jobs/relay/view?view_type=search&rec_idx=49376980&location=ts&searchword=%EC%9D%B8%EA%B3%B5%EC%A7%80%EB%8A%A5&searchType=search&paid_fl=n&search_uuid=f1165959-82ab-41ac-b7aa-873bf8f3a1b5
인공지능,[강남/선릉][기업부설연구소] 하드웨어 설계 엔지니어,에스디티(주),서울전체경력 2~10년초대졸↑정규직,"임베디드,H/W,MCU,임베디드리눅스,H/W외등록일 24/11/18",N/A,https://www.saramin.co.kr/zf_user/jobs/relay/view?view_type=search&rec_idx=49417951&location=ts&searchword=%EC%9D%B8%EA%B3%B5%EC%A7%80%EB%8A%A5&searchType=search&paid_fl=n&search_uuid=f1165959-82ab-41ac-b7aa-873bf8f3a1b5
인공지능,[기업부설연구소] 제어계측장비 하드웨어 엔지니어,에스디티(주),서울전체경력 3~10년초대졸↑정규직,"백엔드/서버개발,웹개발,퍼블리셔,프론트엔드,임베디드외등록일 24/11/27",N/A,https://www.saramin.co.kr/zf_user/jobs/relay/view?view_type=search&rec_idx=49481445&location=ts&searchword=%EC%9D%B8%EA%B3%B5%EC%A7%80%EB%8A%A5&searchType=search&paid_fl=n&search_uuid=f1165959-82ab-41ac-b7aa-873bf8f3a1b5
인공지능,[더웨이브톡] 성능시험 연구원 신입/경력 채용,(주)더웨이브톡,서울성동구경력무관고졸↑정규직,"연구원,실험보조,정밀광학수정일 24/11/12",N/A,https://www.saramin.co.kr/zf_user/jobs/relay/view?view_type=search&rec_idx=49340893&location=ts&searchword=%EC%9D%B8%EA%B3%B5%EC%A7%80%EB%8A%A5&searchType=search&paid_fl=n&search_uuid=56621e8f-199c-4950-8084-0f77e5ccd65c
인공지능,수자원분야(수자원분석팀/ 기업부설연구원) 경력 모집,(주)와이즈플러스,서울금천구경력대졸↑정규직,"R&D,수자원설계,토목회사등록일 24/11/18",N/A,https://www.saramin.co.kr/zf_user/jobs/relay/view?view_type=search&rec_idx=49417541&location=ts&searchword=%EC%9D%B8%EA%B3%B5%EC%A7%80%EB%8A%A5&searchType=search&paid_fl=n&search_uuid=56621e8f-199c-4950-8084-0f77e5ccd65c
인공지능,나우코딩랩스 프로그래밍 교육 커리큘럼 연구원 채용,(주)나우코딩랩스,서울중구경력무관대졸↑정규직210 만원,"Python,교육기획,학습매니저,컴퓨터교육,코딩외등록일 24/11/04",N/A,https://www.saramin.co.kr/zf_user/jobs/relay/view?view_type=search&rec_idx=49333868&location=ts&searchword=%EC%9D%B8%EA%B3%B5%EC%A7%80%EB%8A%A5&searchType=search&paid_fl=n&search_uuid=c1ab12d2-bc36-43f1-bea4-326ca2a29015
인공지능,[가전대기업] 연구소 SoC Embedded App SW개발(대리~과장),HR Tube,경기성남시 분당구경력 4~10년대졸↑정규직,"S/W,IoT,Pytorch,Tensorflow,SoC외등록일 24/11/29",N/A,https://www.saramin.co.kr/zf_user/jobs/relay/view?view_type=search&rec_idx=49492012&location=ts&searchword=%EC%9D%B8%EA%B3%B5%EC%A7%80%EB%8A%A5&searchType=search&paid_fl=n&search_uuid=8886dbff-475d-4a54-88ec-94a6df36dd97
인공지능,[가전 제조 대기업] 연구소 자율주행 R&D(대리~과장) 채용,HR Tube,경기성남시 분당구경력 4~10년대졸↑정규직,"알고리즘,R&D,자율주행,S/W,자율주행외등록일 24/11/29",N/A,https://www.saramin.co.kr/zf_user/jobs/relay/view?view_type=search&rec_idx=49492008&location=ts&searchword=%EC%9D%B8%EA%B3%B5%EC%A7%80%EB%8A%A5&searchType=search&paid_fl=n&search_uuid=8886dbff-475d-4a54-88ec-94a6df36dd97
인공지능,[가전 제조대기업] 연구소 Embedded SW개발(대리~과장) 채용,HR Tube,경기성남시 분당구경력 4~10년대졸↑정규직,"C++,임베디드,RTOS,S/W,AWS외등록일 24/11/29",N/A,https://www.saramin.co.kr/zf_user/jobs/relay/view?view_type=search&rec_idx=49492019&location=ts&searchword=%EC%9D%B8%EA%B3%B5%EC%A7%80%EB%8A%A5&searchType=search&paid_fl=n&search_uuid=8886dbff-475d-4a54-88ec-94a6df36dd97
인공지능,연구기획(화장품원료상장사),써치스퀘어,서울금천구경력 8~16년석사↑정규직,"R&D,R&D기획,화장품등록일 24/11/30",N/A,https://www.saramin.co.kr/zf_user/jobs/relay/view?view_type=search&rec_idx=49500145&location=ts&searchword=%EC%9D%B8%EA%B3%B5%EC%A7%80%EB%8A%A5&searchType=search&paid_fl=n&search_uuid=e39e1c4d-1d6d-422f-aab6-c3b595c69f46
인공지능,자율주행로봇(AMR) 멀티에이전트 알고리즘 개발 (전문연구요원 가능),(주)토르드라이브,서울전체경력 2~6년대졸↑정규직,"알고리즘,C++,SE(시스템엔지니어),인프라,DevOps외등록일 24/11/13",N/A,https://www.saramin.co.kr/zf_user/jobs/relay/view?view_type=search&rec_idx=49392427&location=ts&searchword=%EC%9D%B8%EA%B3%B5%EC%A7%80%EB%8A%A5&searchType=search&paid_fl=n&search_uuid=e39e1c4d-1d6d-422f-aab6-c3b595c69f46
인공지능,자율주행로봇(AMR) 경로계획 SW 개발 (전문연구요원 가능),(주)토르드라이브,서울전체경력 2~6년대졸↑정규직,"C++,SE(시스템엔지니어),인프라,DevOps,S/W외등록일 24/11/13",N/A,https://www.saramin.co.kr/zf_user/jobs/relay/view?view_type=search&rec_idx=49392453&location=ts&searchword=%EC%9D%B8%EA%B3%B5%EC%A7%80%EB%8A%A5&searchType=search&paid_fl=n&search_uuid=e39e1c4d-1d6d-422f-aab6-c3b595c69f46
인공지능,Senior Software Engineer : Perception-전문연구요원 가능,(주)토르드라이브,서울전체경력 3~10년석사↑정규직,"딥러닝,알고리즘,Python,C++,SE(시스템엔지니어)외등록일 24/11/13",N/A,https://www.saramin.co.kr/zf_user/jobs/relay/view?view_type=search&rec_idx=49392433&location=ts&searchword=%EC%9D%B8%EA%B3%B5%EC%A7%80%EB%8A%A5&searchType=search&paid_fl=n&search_uuid=e39e1c4d-1d6d-422f-aab6-c3b595c69f46
인공지능,(전문연구요원 가능) ML Engineer / Researcher 채용 공고,(주)에너자이,서울강남구경력무관초대졸↑정규직·전문연구요원,"딥러닝,알고리즘,Python,머신러닝,컴퓨터비전외등록일 24/11/20",N/A,https://www.saramin.co.kr/zf_user/jobs/relay/view?view_type=search&rec_idx=49440553&location=ts&searchword=%EC%9D%B8%EA%B3%B5%EC%A7%80%EB%8A%A5&searchType=search&paid_fl=n&search_uuid=e39e1c4d-1d6d-422f-aab6-c3b595c69f46
인공지능,디랩코딩 코딩교육연구원- 대치캠퍼스,(주)디랩,서울강남구경력무관초대졸↑정규직,"학원강사,IT강사,교구수업,학원생관리,코딩외수정일 24/11/19",N/A,https://www.saramin.co.kr/zf_user/jobs/relay/view?view_type=search&rec_idx=49333164&location=ts&searchword=%EC%9D%B8%EA%B3%B5%EC%A7%80%EB%8A%A5&searchType=search&paid_fl=n&search_uuid=3a91012a-9326-4da9-8ed8-dcfda6f5c793
인공지능,경영기획 및 연구과제 관리 담당자(경력직 채용),프로메디우스(주),서울송파구경력3년↑학력무관정규직,"경영기획,경영혁신(PI),경영관리,시장조사,연구지원외수정일 24/11/28",N/A,https://www.saramin.co.kr/zf_user/jobs/relay/view?view_type=search&rec_idx=49441102&location=ts&searchword=%EC%9D%B8%EA%B3%B5%EC%A7%80%EB%8A%A5&searchType=search&paid_fl=n&search_uuid=3a91012a-9326-4da9-8ed8-dcfda6f5c793
인공지능,[강사 모집]4차산업(미래산업) 진로 체험 강사,(주)킴스정보전략연구소,서울강동구경력무관학력무관정규직·계약직,"서무,문서작성,사무보조,전화응대,Excel외등록일 24/11/14",N/A,https://www.saramin.co.kr/zf_user/jobs/relay/view?view_type=search&rec_idx=49403061&location=ts&searchword=%EC%9D%B8%EA%B3%B5%EC%A7%80%EB%8A%A5&searchType=search&paid_fl=n&search_uuid=3a91012a-9326-4da9-8ed8-dcfda6f5c793
인공지능,[스칸디에듀] 직영 핀란드 문해력연구소 원장 채용(서울/경기),(주)스칸디에듀,서울서초구경력대졸↑프리랜서,"판매직,가맹점관리,고객관리,매장관리,매출관리외수정일 24/11/14",N/A,https://www.saramin.co.kr/zf_user/jobs/relay/view?view_type=search&rec_idx=49394865&location=ts&searchword=%EC%9D%B8%EA%B3%B5%EC%A7%80%EB%8A%A5&searchType=search&paid_fl=n&search_uuid=384493da-f9cf-459b-af85-ab57ee27b415
인공지능,[ ORP연구소 ] 선발컨설팅팀 컨설턴트 모집,(주)오알피연구소,서울서초구경력무관대졸↑정규직,"채용담당자,HR컨설팅,HRD,HRM,면접/인터뷰외수정일 24/11/04",N/A,https://www.saramin.co.kr/zf_user/jobs/relay/view?view_type=search&rec_idx=49236879&location=ts&searchword=%EC%9D%B8%EA%B3%B5%EC%A7%80%EB%8A%A5&searchType=search&paid_fl=n&search_uuid=3aa68626-17e7-4503-b515-f2ce2bcc6a63
인공지능,[ ORP연구소 ] 선발컨설팅팀 인턴연구원 모집,(주)오알피연구소,서울서초구경력무관학력무관인턴직,"채용담당자,HR컨설팅,HRD,HRM,면접/인터뷰외수정일 24/11/04",N/A,https://www.saramin.co.kr/zf_user/jobs/relay/view?view_type=search&rec_idx=49333569&location=ts&searchword=%EC%9D%B8%EA%B3%B5%EC%A7%80%EB%8A%A5&searchType=search&paid_fl=n&search_uuid=3aa68626-17e7-4503-b515-f2ce2bcc6a63
인공지능,"학술연구 사업 운영자 채용(경력/PM, PL)",이씨이십일알앤씨(주),서울강남구경력5년↑대졸↑정규직,"PM(프로젝트매니저),PMO,기획,리서치,연구소외수정일 24/11/27",N/A,https://www.saramin.co.kr/zf_user/jobs/relay/view?view_type=search&rec_idx=49198904&location=ts&searchword=%EC%9D%B8%EA%B3%B5%EC%A7%80%EB%8A%A5&searchType=search&paid_fl=n&search_uuid=6af7c0db-2c0f-4874-a5f5-a3e29edb3bc2
인공지능,"[시원스쿨랩] 영어연구원(토익,토익스피킹,오픽) 채용",(주)에스제이더블유인터내셔널,서울영등포구경력무관초대졸↑정규직,"기획MD,교육기획,교육컨텐츠기획,영어교재,영어외등록일 24/11/14",N/A,https://www.saramin.co.kr/zf_user/jobs/relay/view?view_type=search&rec_idx=49398892&location=ts&searchword=%EC%9D%B8%EA%B3%B5%EC%A7%80%EB%8A%A5&searchType=search&paid_fl=n&search_uuid=6af7c0db-2c0f-4874-a5f5-a3e29edb3bc2
인공지능,화물용달 플랫폼 개발사 - B2B 영업 (중장년층 우대),(주)라이프플래닝연구소,서울관악구경력학력무관정규직,"기술영업,영업관리,솔루션기술영업,영업전략,IT영업외등록일 24/11/25",N/A,https://www.saramin.co.kr/zf_user/jobs/relay/view?view_type=search&rec_idx=49461151&location=ts&searchword=%EC%9D%B8%EA%B3%B5%EC%A7%80%EB%8A%A5&searchType=search&paid_fl=n&search_uuid=8706c396-f745-47ab-aa69-d0db6aee4c91
인공지능,에너지관리플랫폼기업 B2B/B2G 영업전문가 (중장년층 우대),(주)라이프플래닝연구소,서울강남구경력학력무관정규직,"영업관리,B2B,고객관리,공공영업,마케팅기획외등록일 24/11/27",N/A,https://www.saramin.co.kr/zf_user/jobs/relay/view?view_type=search&rec_idx=49483853&location=ts&searchword=%EC%9D%B8%EA%B3%B5%EC%A7%80%EB%8A%A5&searchType=search&paid_fl=n&search_uuid=8706c396-f745-47ab-aa69-d0db6aee4c91
인공지능,어테일워크 상시 인재풀 등록 (중장년층 우대),(주)라이프플래닝연구소,서울중구경력학력무관정규직,"기술영업,인사,마케팅,영업,경영관리외등록일 24/11/27",N/A,https://www.saramin.co.kr/zf_user/jobs/relay/view?view_type=search&rec_idx=49483792&location=ts&searchword=%EC%9D%B8%EA%B3%B5%EC%A7%80%EB%8A%A5&searchType=search&paid_fl=n&search_uuid=8706c396-f745-47ab-aa69-d0db6aee4c91
인공지능,영어전문에듀테크기업 B2B 세일즈 매니저(중장년층 우대),(주)라이프플래닝연구소,서울강남구경력5년↑학력무관정규직,"영업전략,거래처영업,마케팅전략,영어교재,온라인교육외등록일 24/11/27",N/A,https://www.saramin.co.kr/zf_user/jobs/relay/view?view_type=search&rec_idx=49483803&location=ts&searchword=%EC%9D%B8%EA%B3%B5%EC%A7%80%EB%8A%A5&searchType=search&paid_fl=n&search_uuid=8706c396-f745-47ab-aa69-d0db6aee4c91
인공지능,(주)아이스크림아트 기술연구소 (시각. 웹/앱)디자이너 채용,(주)아이스크림아트,서울강남구경력5년↑초대졸↑정규직,"시각디자인,앱디자인,웹디자인,UI/UX디자인,HTML외등록일 24/11/25",N/A,https://www.saramin.co.kr/zf_user/jobs/relay/view?view_type=search&rec_idx=49466112&location=ts&searchword=%EC%9D%B8%EA%B3%B5%EC%A7%80%EB%8A%A5&searchType=search&paid_fl=n&search_uuid=192eeb5f-0a87-416a-804f-994cf3a5b05b
인공지능,[IP&Gov R&D Team] 연구 기획 팀장채용,(주)쓰리아이,서울강남구경력8년↑대졸↑정규직,"IP(지식재산권),문서작성,정부과제,소프트웨어개발수정일 24/11/06",N/A,https://www.saramin.co.kr/zf_user/jobs/relay/view?view_type=search&rec_idx=49283587&location=ts&searchword=%EC%9D%B8%EA%B3%B5%EC%A7%80%EB%8A%A5&searchType=search&paid_fl=n&search_uuid=440264ab-cb3d-4147-b8a9-16b34ab4f507
인공지능,"환경기계(AI,IOT융합) 연구소 책임연구",(주)에이씨아이케미칼아시아,"서울성동구경력5년↑학력무관정규직5,000 만원","폐기물처리기사,기계수정일 24/11/06",N/A,https://www.saramin.co.kr/zf_user/jobs/relay/view?view_type=search&rec_idx=49349877&location=ts&searchword=%EC%9D%B8%EA%B3%B5%EC%A7%80%EB%8A%A5&searchType=search&paid_fl=n&search_uuid=1e54ad78-1cd9-4098-829d-ec5cf243891a
인공지능,[코웨이]24년 11월 경력직 수시채용(마케팅/경영/인사/연구소),코웨이(주),서울구로구경력 3~17년대졸↑정규직,"글로벌마케팅,브랜드마케팅,인사,경영관리,마케팅외수정일 24/11/29",N/A,https://www.saramin.co.kr/zf_user/jobs/relay/view?view_type=search&rec_idx=49475600&location=ts&searchword=%EC%9D%B8%EA%B3%B5%EC%A7%80%EB%8A%A5&searchType=search&paid_fl=n&search_uuid=1e54ad78-1cd9-4098-829d-ec5cf243891a
인공지능,[재능교육] 디지털 수학 콘텐츠 개발 연구원(경력) 모집,(주)재능교육,서울종로구경력2년↑대졸↑정규직,"교육기획,교수설계,교육운영,교육컨텐츠개발,교육컨텐츠기획외수정일 24/11/28",N/A,https://www.saramin.co.kr/zf_user/jobs/relay/view?view_type=search&rec_idx=49479583&location=ts&searchword=%EC%9D%B8%EA%B3%B5%EC%A7%80%EB%8A%A5&searchType=search&paid_fl=n&search_uuid=1e54ad78-1cd9-4098-829d-ec5cf243891a
인공지능,"중소기업 신사업을 주도할 인재모집합니다 (기업부설연구소,신기술, RND,정부과제,법인세절세,재무회계,영업)",(주)제네시스인터내셔널,"서울강남구경력무관학력무관정규직6,000 만원","금융컨설팅,CEO,경영관리,컨설팅수정일 24/11/19",N/A,https://www.saramin.co.kr/zf_user/jobs/relay/view?view_type=search&rec_idx=49430160&location=ts&searchword=%EC%9D%B8%EA%B3%B5%EC%A7%80%EB%8A%A5&searchType=search&paid_fl=n&search_uuid=08c821a0-8bf3-4d0e-b2aa-869a08a2222b
인공지능,인공지능기술개발 및 연구,(주)에듀템,서울전체신입·경력초대졸↑정규직,"AI(인공지능),딥러닝,알고리즘,Python,머신러닝외수정일 24/10/08",N/A,https://www.saramin.co.kr/zf_user/jobs/relay/view?view_type=search&rec_idx=46920758&location=ts&searchword=%EC%9D%B8%EA%B3%B5%EC%A7%80%EB%8A%A5&searchType=search&paid_fl=n&search_uuid=08c821a0-8bf3-4d0e-b2aa-869a08a2222b
로봇,로봇/로보틱스 S/W 엔지니어 모집(인턴/신입/경력/전문연구요원),(주)테솔로,경기광명시신입·경력대졸↑정규직·인턴직,"제조,R&D,연구원,SE(시스템엔지니어),SI개발외등록일 24/11/26",N/A,https://www.saramin.co.kr/zf_user/jobs/relay/view?view_type=search&rec_idx=49472136&location=ts&searchword=%EB%A1%9C%EB%B4%87&searchType=search&paid_fl=n&search_uuid=dfd0f5be-8c5b-4be9-8549-ca00cfe713ef
로봇,로봇/로보틱스 임베디드 엔지니어(인턴/신입/경력/전문연구요원),(주)테솔로,경기광명시신입·경력대졸↑정규직·인턴직,"로봇엔지니어,제조,R&D,연구원,CAD외등록일 24/11/26",N/A,https://www.saramin.co.kr/zf_user/jobs/relay/view?view_type=search&rec_idx=49472130&location=ts&searchword=%EB%A1%9C%EB%B4%87&searchType=search&paid_fl=n&search_uuid=dfd0f5be-8c5b-4be9-8549-ca00cfe713ef
로봇,[판교 /로봇스타트업] Robot Control Engineer (전문연구),(주)플라잎,서울전체경력3년↑대졸↑정규직,"로봇설계,로봇엔지니어,생산,조립,연구원외수정일 24/11/28",N/A,https://www.saramin.co.kr/zf_user/jobs/relay/view?view_type=search&rec_idx=49280168&location=ts&searchword=%EB%A1%9C%EB%B4%87&searchType=search&paid_fl=n&search_uuid=dfd0f5be-8c5b-4be9-8549-ca00cfe713ef
로봇,[ 판교 /로봇스타트업 ] Mechanical Engineer (전문연구요원),(주)플라잎,서울전체경력3년↑대졸↑정규직,"로봇설계,로봇엔지니어,생산,R&D,CAD외등록일 24/11/12",N/A,https://www.saramin.co.kr/zf_user/jobs/relay/view?view_type=search&rec_idx=49386854&location=ts&searchword=%EB%A1%9C%EB%B4%87&searchType=search&paid_fl=n&search_uuid=dfd0f5be-8c5b-4be9-8549-ca00cfe713ef
로봇,[판교 /로봇스타트업] 컴퓨터 비전 엔지니어 채용(전문연구),(주)플라잎,서울전체경력3년↑대졸↑정규직,"생산,솔루션,컴퓨터비전,DevOps,S/W외등록일 24/11/28",N/A,https://www.saramin.co.kr/zf_user/jobs/relay/view?view_type=search&rec_idx=49487458&location=ts&searchword=%EB%A1%9C%EB%B4%87&searchType=search&paid_fl=n&search_uuid=dfd0f5be-8c5b-4be9-8549-ca00cfe713ef
로봇,[모핑아이]로봇기획/개발 연구원 채용 공고 (경력/신입),(주)모핑아이,서울영등포구신입·경력대졸↑정규직,"로봇설계,로봇엔지니어,R&D,연구원,R&D기획외수정일 24/10/11",N/A,https://www.saramin.co.kr/zf_user/jobs/relay/view?view_type=search&rec_idx=49178598&location=ts&searchword=%EB%A1%9C%EB%B4%87&searchType=search&paid_fl=n&search_uuid=3cff0029-0cb7-420b-969b-0f757e79c620
로봇,수술로봇기구설계 (연구원),에이치알포유(주),서울송파구신입·경력대졸↑정규직,"R&D,연구원,반도체,알고리즘,솔루션외수정일 24/11/25",N/A,https://www.saramin.co.kr/zf_user/jobs/relay/view?view_type=search&rec_idx=49450769&location=ts&searchword=%EB%A1%9C%EB%B4%87&searchType=search&paid_fl=n&search_uuid=3cff0029-0cb7-420b-969b-0f757e79c620
로봇,로봇시스템 제어 (책임연구원),에이치알포유(주),서울송파구경력 5~10년대졸↑정규직,"R&D,반도체,알고리즘,솔루션,  외등록일 24/11/30",N/A,https://www.saramin.co.kr/zf_user/jobs/relay/view?view_type=search&rec_idx=49499932&location=ts&searchword=%EB%A1%9C%EB%B4%87&searchType=search&paid_fl=n&search_uuid=3cff0029-0cb7-420b-969b-0f757e79c620
로봇,[상장사/로봇부품 전문기업] 감속기 개발 연구원,커리어셀파,서울강남구경력초대졸↑정규직,"기계조작원,기계설계,메카트로닉스,감속기,AutoCAD외수정일 24/11/25",N/A,https://www.saramin.co.kr/zf_user/jobs/relay/view?view_type=search&rec_idx=49426063&location=ts&searchword=%EB%A1%9C%EB%B4%87&searchType=search&paid_fl=n&search_uuid=a4f1c75f-e70c-43c3-8a26-258971fdfe15
로봇,자율주행로봇(AMR) 멀티에이전트 알고리즘 개발 (전문연구요원 가능),(주)토르드라이브,서울전체경력 2~6년대졸↑정규직,"SE(시스템엔지니어),인프라,DevOps,S/W,C++외등록일 24/11/13",N/A,https://www.saramin.co.kr/zf_user/jobs/relay/view?view_type=search&rec_idx=49392427&location=ts&searchword=%EB%A1%9C%EB%B4%87&searchType=search&paid_fl=n&search_uuid=a4f1c75f-e70c-43c3-8a26-258971fdfe15
로봇,자율주행로봇(AMR) 경로계획 SW 개발 (전문연구요원 가능),(주)토르드라이브,서울전체경력 2~6년대졸↑정규직,"SE(시스템엔지니어),인프라,DevOps,S/W,C++외등록일 24/11/13",N/A,https://www.saramin.co.kr/zf_user/jobs/relay/view?view_type=search&rec_idx=49392453&location=ts&searchword=%EB%A1%9C%EB%B4%87&searchType=search&paid_fl=n&search_uuid=a4f1c75f-e70c-43c3-8a26-258971fdfe15
로봇,[현대자동차 분사스타트업] (주) 매이드 연구개발 엔지니어 채용,주식회사 매이드 (MADDE Inc.),서울전체경력무관대졸↑정규직,"로봇설계,로봇엔지니어,자동차,제조,생산기술외등록일 24/11/26",N/A,https://www.saramin.co.kr/zf_user/jobs/relay/view?view_type=search&rec_idx=49475054&location=ts&searchword=%EB%A1%9C%EB%B4%87&searchType=search&paid_fl=n&search_uuid=a4f1c75f-e70c-43c3-8a26-258971fdfe15
로봇,[미래컴퍼니/서울] 헬스케어(의료기기) - 임상연구,(주)미래컴퍼니,서울송파구경력3년↑대졸↑정규직,"CRA(임상연구원),CRC(연구간호사),CRM(임상연구전문가),임상시험,임상DM외수정일 24/11/29",N/A,https://www.saramin.co.kr/zf_user/jobs/relay/view?view_type=search&rec_idx=49371059&location=ts&searchword=%EB%A1%9C%EB%B4%87&searchType=search&paid_fl=n&search_uuid=5f3e6884-e95b-415a-adc3-f2ce44a62faf
로봇,기술연구소 신입 사원 모집,한국뉴매틱(주),서울금천구신입초대졸↑정규직,"기구설계,기계설계,R&D,연구원,설계엔지니어외수정일 24/11/13",N/A,https://www.saramin.co.kr/zf_user/jobs/relay/view?view_type=search&rec_idx=49391375&location=ts&searchword=%EB%A1%9C%EB%B4%87&searchType=search&paid_fl=n&search_uuid=5f3e6884-e95b-415a-adc3-f2ce44a62faf
로봇,계약직 연구보조원 상시채용[코오롱인더스트리 제조부문],코오롱인더스트리(주),서울전체신입·경력대졸↑계약직,"로봇엔지니어,생산,자동차,R&D,연구원외수정일 22/08/04",N/A,https://www.saramin.co.kr/zf_user/jobs/relay/view?view_type=search&rec_idx=43681382&location=ts&searchword=%EB%A1%9C%EB%B4%87&searchType=search&paid_fl=n&search_uuid=5f3e6884-e95b-415a-adc3-f2ce44a62faf
로봇,기술연구소 H/W 담당자 모집(MCU 및 임베디스 H/W 설계),주식회사 이노스,서울금천구신입·경력초대졸↑정규직,"로봇설계,R&D,전장설계,H/W,MCU외등록일 24/11/21",N/A,https://www.saramin.co.kr/zf_user/jobs/relay/view?view_type=search&rec_idx=49445343&location=ts&searchword=%EB%A1%9C%EB%B4%87&searchType=search&paid_fl=n&search_uuid=5f3e6884-e95b-415a-adc3-f2ce44a62faf
로봇,기술연구소 경력 사원 모집,한국뉴매틱(주),서울금천구경력초대졸↑정규직,"기구설계,기계설계,R&D,연구원,설계엔지니어외수정일 24/11/13",N/A,https://www.saramin.co.kr/zf_user/jobs/relay/view?view_type=search&rec_idx=49391468&location=ts&searchword=%EB%A1%9C%EB%B4%87&searchType=search&paid_fl=n&search_uuid=7d9c7cc4-74c1-457d-ba35-213198f25627
로봇,[네오바이오텍] 디지털R&D 연구지원팀 신입/경력 채용,(주)네오바이오텍,서울구로구신입·경력대졸↑정규직,"R&D,연구원,치기공사,R&D기획,의료기기연구외수정일 24/11/18",N/A,https://www.saramin.co.kr/zf_user/jobs/relay/view?view_type=search&rec_idx=49421295&location=ts&searchword=%EB%A1%9C%EB%B4%87&searchType=search&paid_fl=n&search_uuid=7d9c7cc4-74c1-457d-ba35-213198f25627
로봇,딥러닝/3D 비전/Data Scientist 병역특례(전문연구요원),(주)델타엑스,서울구로구경력무관석사↑정규직·전문연구요원,"R&D,연구원,데이터엔지니어,정보보안,딥러닝외등록일 24/11/01",N/A,https://www.saramin.co.kr/zf_user/jobs/relay/view?view_type=search&rec_idx=49318164&location=ts&searchword=%EB%A1%9C%EB%B4%87&searchType=search&paid_fl=n&search_uuid=7d9c7cc4-74c1-457d-ba35-213198f25627
로봇,(성수역) 학습 기반 휴머노이드 연구원 채용 공고(전문연구요원),(주)로브로스,"서울성동구경력무관대졸↑정규직·계약직7,000 만원","로봇엔지니어,연구원,알고리즘,AI(인공지능),Pytorch외수정일 24/11/28",N/A,https://www.saramin.co.kr/zf_user/jobs/relay/view?view_type=search&rec_idx=49388695&location=ts&searchword=%EB%A1%9C%EB%B4%87&searchType=search&paid_fl=n&search_uuid=7d9c7cc4-74c1-457d-ba35-213198f25627
로봇,코스모로보틱스(주) 연구소 직원 채용,코스모로보틱스,서울구로구경력 3~20년초대졸↑정규직,"로봇설계,로봇엔지니어,연구원,제조업 회사본사등록일 24/10/14",N/A,https://www.saramin.co.kr/zf_user/jobs/relay/view?view_type=search&rec_idx=49190507&location=ts&searchword=%EB%A1%9C%EB%B4%87&searchType=search&paid_fl=n&search_uuid=7d9c7cc4-74c1-457d-ba35-213198f25627
로봇,"GNSS, GPS 위성항법장치 연구원 모집 (회로설계,H/W)",(주)씨너렉스,서울중구경력무관대졸↑정규직,"생산,자동차,R&D,연구원,기술지원외수정일 24/11/11",N/A,https://www.saramin.co.kr/zf_user/jobs/relay/view?view_type=search&rec_idx=49379214&location=ts&searchword=%EB%A1%9C%EB%B4%87&searchType=search&paid_fl=n&search_uuid=7d9c7cc4-74c1-457d-ba35-213198f25627
로봇,연구프로젝트 기술총괄 담당자 모집,(주)씨너렉스,서울중구경력5년↑석사↑정규직,"R&D,연구원,기술지원,SE(시스템엔지니어),네트워크외수정일 24/11/15",N/A,https://www.saramin.co.kr/zf_user/jobs/relay/view?view_type=search&rec_idx=49409591&location=ts&searchword=%EB%A1%9C%EB%B4%87&searchType=search&paid_fl=n&search_uuid=7d9c7cc4-74c1-457d-ba35-213198f25627
로봇,기술연구소 S/W 개발 연구원 모집의 건,주식회사 이노스,서울금천구신입·경력초대졸↑정규직,"로봇설계,R&D,연구원,전장설계,H/W외등록일 24/11/21",N/A,https://www.saramin.co.kr/zf_user/jobs/relay/view?view_type=search&rec_idx=49445351&location=ts&searchword=%EB%A1%9C%EB%B4%87&searchType=search&paid_fl=n&search_uuid=7d9c7cc4-74c1-457d-ba35-213198f25627
로봇,기술연구소 메카 개발 연구원 모집의 건,주식회사 이노스,서울금천구신입·경력초대졸↑정규직,"로봇설계,자동차,R&D,연구원,전장설계외등록일 24/11/21",N/A,https://www.saramin.co.kr/zf_user/jobs/relay/view?view_type=search&rec_idx=49445363&location=ts&searchword=%EB%A1%9C%EB%B4%87&searchType=search&paid_fl=n&search_uuid=7d9c7cc4-74c1-457d-ba35-213198f25627
로봇,기구 설계 담당자 채용,(주)무인탐사연구소,서울성동구경력무관초대졸↑정규직·무기계약직,"로봇설계,생산,조립,기계설계,CAD외수정일 24/11/20",N/A,https://www.saramin.co.kr/zf_user/jobs/relay/view?view_type=search&rec_idx=49434406&location=ts&searchword=%EB%A1%9C%EB%B4%87&searchType=search&paid_fl=n&search_uuid=7d9c7cc4-74c1-457d-ba35-213198f25627
로봇,로버 펌웨어/소프트웨어 엔지니어 채용,(주)무인탐사연구소,서울성동구경력무관대졸↑정규직·계약직,"로봇설계,로봇엔지니어,자동차,R&D,연구원외수정일 24/11/20",N/A,https://www.saramin.co.kr/zf_user/jobs/relay/view?view_type=search&rec_idx=49434653&location=ts&searchword=%EB%A1%9C%EB%B4%87&searchType=search&paid_fl=n&search_uuid=7d9c7cc4-74c1-457d-ba35-213198f25627
로봇,Generative AI 및 인공지능 유지 관리 연구,(주)씨메스,서울전체신입·경력대졸↑정규직,"데이터분석가,백엔드/서버개발,웹개발,SE(시스템엔지니어),딥러닝외등록일 24/11/28",N/A,https://www.saramin.co.kr/zf_user/jobs/relay/view?view_type=search&rec_idx=49487283&location=ts&searchword=%EB%A1%9C%EB%B4%87&searchType=search&paid_fl=n&search_uuid=ba36c0e3-0fc7-4162-81b7-bac12dfe2b52
로봇,"임무장비(국방,소방,치안,안전 등) 개발 연구원 모집",주식회사 케이알엠,서울강남구경력무관초대졸↑정규직,"기구설계,기계설계,전장설계,기술엔지니어,공정엔지니어외수정일 24/11/08",N/A,https://www.saramin.co.kr/zf_user/jobs/relay/view?view_type=search&rec_idx=49296471&location=ts&searchword=%EB%A1%9C%EB%B4%87&searchType=search&paid_fl=n&search_uuid=ba36c0e3-0fc7-4162-81b7-bac12dfe2b52
로봇,(주)큐리오시스 연구개발/설계 정규직 채용,(주)큐리오시스,서울강남구신입·경력대졸↑정규직,"생산,기구설계,기계설계,CAD,메카트로닉스외수정일 24/11/01",N/A,https://www.saramin.co.kr/zf_user/jobs/relay/view?view_type=search&rec_idx=49317726&location=ts&searchword=%EB%A1%9C%EB%B4%87&searchType=search&paid_fl=n&search_uuid=ba36c0e3-0fc7-4162-81b7-bac12dfe2b52
로봇,[AI기술연구소] AI개발 엔지니어(신입~경력),코가로보틱스(주),서울성동구경력무관대졸↑정규직,"데이터분석가,데이터엔지니어,딥러닝,머신러닝,AI(인공지능)외수정일 24/10/14",N/A,https://www.saramin.co.kr/zf_user/jobs/relay/view?view_type=search&rec_idx=49185937&location=ts&searchword=%EB%A1%9C%EB%B4%87&searchType=search&paid_fl=n&search_uuid=ba36c0e3-0fc7-4162-81b7-bac12dfe2b52
로봇,인더스마트(주)  정규직 모집 공고 (시제품연구팀-전문연구요원),인더스마트(주),서울종로구신입·경력석사↑정규직,"H/W,S/W,병역특례,프론트엔드,임베디드외등록일 24/10/29",N/A,https://www.saramin.co.kr/zf_user/jobs/relay/view?view_type=search&rec_idx=49289993&location=ts&searchword=%EB%A1%9C%EB%B4%87&searchType=search&paid_fl=n&search_uuid=ca911c33-721a-4aa5-9aa5-9ba7fe291a0f
로봇,2024년 연구 개발 (임베디드 시스템),(주)지슨,서울강남구경력7년↑학력무관정규직,"임베디드,Linux,임베디드리눅스,기술연구,자율주행외등록일 24/10/31",N/A,https://www.saramin.co.kr/zf_user/jobs/relay/view?view_type=search&rec_idx=49306342&location=ts&searchword=%EB%A1%9C%EB%B4%87&searchType=search&paid_fl=n&search_uuid=ca911c33-721a-4aa5-9aa5-9ba7fe291a0f
로봇,(코스닥상장사)인공지능연구 전문연구요원 (병역특례) 모집,(주)씨유박스,서울강남구경력무관석사↑전문연구요원·병역특례,"딥러닝,빅데이터,알고리즘,AI(인공지능),Python외수정일 24/10/04",N/A,https://www.saramin.co.kr/zf_user/jobs/relay/view?view_type=search&rec_idx=49133116&location=ts&searchword=%EB%A1%9C%EB%B4%87&searchType=search&paid_fl=n&search_uuid=ca911c33-721a-4aa5-9aa5-9ba7fe291a0f
로봇,3D프린팅 전문연구요원 모십니다.,(주)캐리마,서울강서구신입·경력석사↑정규직,"기계설계,R&D,S/W,고분자,기술연구외수정일 24/11/29",N/A,https://www.saramin.co.kr/zf_user/jobs/relay/view?view_type=search&rec_idx=49309770&location=ts&searchword=%EB%A1%9C%EB%B4%87&searchType=search&paid_fl=n&search_uuid=ca911c33-721a-4aa5-9aa5-9ba7fe291a0f
로봇,로버 기술 관리자 채용,(주)무인탐사연구소,서울성동구경력무관대졸↑정규직·무기계약직,"로봇설계,로봇엔지니어,자동차,기구설계,임베디드외수정일 24/11/20",N/A,https://www.saramin.co.kr/zf_user/jobs/relay/view?view_type=search&rec_idx=49431972&location=ts&searchword=%EB%A1%9C%EB%B4%87&searchType=search&paid_fl=n&search_uuid=95a7eaa7-1f3b-4f21-98bb-9d22abefb75a
로봇,"GNSS, GPS 위성항법장치 연구원 모집 (펌웨어개발)",(주)씨너렉스,서울중구경력무관대졸↑정규직,"자동차,R&D,연구원,기술지원,SE(시스템엔지니어)외수정일 24/11/11",N/A,https://www.saramin.co.kr/zf_user/jobs/relay/view?view_type=search&rec_idx=49378991&location=ts&searchword=%EB%A1%9C%EB%B4%87&searchType=search&paid_fl=n&search_uuid=95a7eaa7-1f3b-4f21-98bb-9d22abefb75a
로봇,[가전 제조 대기업] 연구소 자율주행 R&D(대리~과장) 채용,HR Tube,경기성남시 분당구경력 4~10년대졸↑정규직,"R&D,자율주행,S/W,자율주행,알고리즘외등록일 24/11/29",N/A,https://www.saramin.co.kr/zf_user/jobs/relay/view?view_type=search&rec_idx=49492008&location=ts&searchword=%EB%A1%9C%EB%B4%87&searchType=search&paid_fl=n&search_uuid=95a7eaa7-1f3b-4f21-98bb-9d22abefb75a
로봇,제품 연구개발 (신입/경력) 사원 모집,경보전기(주),서울성동구경력3년↑대졸↑정규직,"로봇설계,반도체,기술연구,시료분석,알고리즘개발외등록일 24/11/28",N/A,https://www.saramin.co.kr/zf_user/jobs/relay/view?view_type=search&rec_idx=49485526&location=ts&searchword=%EB%A1%9C%EB%B4%87&searchType=search&paid_fl=n&search_uuid=95a7eaa7-1f3b-4f21-98bb-9d22abefb75a
로봇,[ 중견 자동차부품사 모터개발 연구원 2명(연봉상급) ],반온제이파트너스,서울용산구경력 3~9년대졸↑정규직,"로봇설계,R&D,연구원,반도체,R&D기획외수정일 24/11/29",N/A,https://www.saramin.co.kr/zf_user/jobs/relay/view?view_type=search&rec_idx=49440292&location=ts&searchword=%EB%A1%9C%EB%B4%87&searchType=search&paid_fl=n&search_uuid=95a7eaa7-1f3b-4f21-98bb-9d22abefb75a
로봇,[ 중견 자동차부품사 락피니언 기어설계 연구원(연봉상급) ],반온제이파트너스,서울용산구경력 5~14년대졸↑정규직,"로봇설계,R&D,연구원,반도체,R&D기획외수정일 24/11/29",N/A,https://www.saramin.co.kr/zf_user/jobs/relay/view?view_type=search&rec_idx=49440286&location=ts&searchword=%EB%A1%9C%EB%B4%87&searchType=search&paid_fl=n&search_uuid=95a7eaa7-1f3b-4f21-98bb-9d22abefb75a
로봇,[연료전지 시스템 제어로직 개발] 기술연구 직무 경력직,(주)휴메인서치,서울서초구경력 4~10년대졸↑정규직,"로봇엔지니어,기술연구,신재생에너지,알고리즘개발,전기외수정일 24/11/26",N/A,https://www.saramin.co.kr/zf_user/jobs/relay/view?view_type=search&rec_idx=49464021&location=ts&searchword=%EB%A1%9C%EB%B4%87&searchType=search&paid_fl=n&search_uuid=95a7eaa7-1f3b-4f21-98bb-9d22abefb75a
로봇,Python 개발 연구원 채용,(주)엑스오비스,서울강남구경력2년↑대졸↑정규직,"S/W,솔루션,Python,Pytorch,Tensorflow외등록일 24/10/15",N/A,https://www.saramin.co.kr/zf_user/jobs/relay/view?view_type=search&rec_idx=49200418&location=ts&searchword=%EB%A1%9C%EB%B4%87&searchType=search&paid_fl=n&search_uuid=95a7eaa7-1f3b-4f21-98bb-9d22abefb75a
로봇,Python 개발 연구원 채용,(주)엑스오비스,서울전체경력 2~5년대졸↑정규직,"웹개발,프론트엔드,딥러닝,머신러닝,빅데이터외등록일 24/11/12",N/A,https://www.saramin.co.kr/zf_user/jobs/relay/view?view_type=search&rec_idx=49387510&location=ts&searchword=%EB%A1%9C%EB%B4%87&searchType=search&paid_fl=n&search_uuid=95a7eaa7-1f3b-4f21-98bb-9d22abefb75a
로봇,(주)큐리오시스 연구개발/조립 정규직 채용,(주)큐리오시스,서울강남구신입·경력고졸↑정규직,"생산,조립,기계설계,CAD,메카트로닉스외등록일 24/11/07",N/A,https://www.saramin.co.kr/zf_user/jobs/relay/view?view_type=search&rec_idx=49356858&location=ts&searchword=%EB%A1%9C%EB%B4%87&searchType=search&paid_fl=n&search_uuid=a30ea7ca-951c-4772-bef2-5b283804feae
로봇,금천구소재강소기업]기구설계연구원,헌터스그룹(주),서울금천구경력5년↑대졸↑정규직,"조립,제조,기구설계,CAD,감속기외수정일 24/11/27",N/A,https://www.saramin.co.kr/zf_user/jobs/relay/view?view_type=search&rec_idx=49446426&location=ts&searchword=%EB%A1%9C%EB%B4%87&searchType=search&paid_fl=n&search_uuid=a30ea7ca-951c-4772-bef2-5b283804feae
로봇,[강사 모집]4차산업(미래산업) 진로 체험 강사,(주)킴스정보전략연구소,서울강동구경력무관학력무관정규직·계약직,"서무,문서작성,사무보조,전화응대,Excel외등록일 24/11/14",N/A,https://www.saramin.co.kr/zf_user/jobs/relay/view?view_type=search&rec_idx=49403061&location=ts&searchword=%EB%A1%9C%EB%B4%87&searchType=search&paid_fl=n&search_uuid=58e344fc-0ff4-41a3-bb0b-fb78ac40dafb
로봇,[가전 제조 대기업] 연구소 온디바이스 sLLM R&D (대리~과장),HR Tube,경기성남시 분당구경력 4~10년대졸↑정규직,"딥러닝,머신러닝,자율주행,S/W,Python외등록일 24/11/29",N/A,https://www.saramin.co.kr/zf_user/jobs/relay/view?view_type=search&rec_idx=49492007&location=ts&searchword=%EB%A1%9C%EB%B4%87&searchType=search&paid_fl=n&search_uuid=9c4a4626-5e2e-4f3d-b000-e680433c44ce
로봇,(공장 자동화설비 솔루션 기업) 기업부설연구소 / 연구원,(주)핀커스코리아,서울강남구경력3년↑대졸↑정규직,"C++,OpenCV,Python,Pytorch,딥러닝외등록일 24/11/25",N/A,https://www.saramin.co.kr/zf_user/jobs/relay/view?view_type=search&rec_idx=49461562&location=ts&searchword=%EB%A1%9C%EB%B4%87&searchType=search&paid_fl=n&search_uuid=9c4a4626-5e2e-4f3d-b000-e680433c44ce
로봇,"환경기계(AI,IOT융합) 연구소 책임연구",(주)에이씨아이케미칼아시아,"서울성동구경력5년↑학력무관정규직5,000 만원","폐기물처리기사,기계수정일 24/11/06",N/A,https://www.saramin.co.kr/zf_user/jobs/relay/view?view_type=search&rec_idx=49349877&location=ts&searchword=%EB%A1%9C%EB%B4%87&searchType=search&paid_fl=n&search_uuid=9c4a4626-5e2e-4f3d-b000-e680433c44ce
